"Hotel_ID","HotelName","Address","Rating","UserRatingsTotal","Lat","Long","Place_ID"
"1","町家 東寺あけぼの庵","京都市南区八条内田町２−１","4.8","15.0","34.9795965","135.7455845","ChIJx_JJOAQGAWARzm1G-Hxo4qE"
"2","京庵 東寺 紫音 -SHION-","京都市南区四ツ塚町３２−１","4.3","4.0","34.9794241","135.7437079","ChIJt6DZNwQGAWARugs9DEiyn-0"
"3","梟月庵","京都市南区吉祥院九条町４４−７","4.4","7.0","34.977673","135.73392","ChIJ91aCWA0GAWARDxAF9_MnqxI"
"4","京の宿西大路","京都市下京区七条御所ノ内北町４７−１","4.4","16.0","34.9866913","135.7302544","ChIJYW6er0EGAWARdYIoWsHheZU"
"5","ゲストハウス 古都音 京都","京都市右京区西京極芝ノ下町１０−１","4.6","19.0","34.98613879999999","135.7185774","ChIJBTm_eFkGAWARWeULCxqg-qk"
"6","Kyoto HomeStay","京都市南区吉祥院九条町１６ パインフィールド吉祥院","5.0","1.0","34.9782215","135.7324456","ChIJ__9POG0GAWARJF6ffwVnslU"
"7","FUNHOUSE_桂川","京都市南区久世川原町２００−２０","4.6","20.0","34.9626647","135.7198445","ChIJh_Xvo3gGAWARA1w5_K_mgys"
"8","ペンション恋都","京都市南区久世川原町１３２","4.6","58.0","34.963213","135.7210427","ChIJ8--ChngGAWAR6N-176pP-OU"
"9","たばさはうす","京都市南区吉祥院西浦町４９−２","","","34.9736737","135.7297408","ChIJY97baQMHAWARPaSa5f6wnr8"
"10","サトリーノ","京都市南区吉祥院里ノ内町３４ サトリーノ","","","34.9735355","135.7320893","ChIJJ9SaP3MGAWARbFR2biPqwhg"
"11","sanjyusan","88-2kishoyinnshindenninodancho minamiku, 京都市","","","34.9749285","135.7242685","ChIJuxNV3Q4HAWARr9KXWee5q1g"
"12","九条町ゲストハウス Kujyo-Cho Guesthouse","京都市南区吉祥院九条町55番地","4.5","2.0","34.9774067","135.7337992","ChIJ1bbZBcIHAWAROPDA4-0oLC0"
"13","ドルフ21","Japan","","","34.9648458","135.7338475","ChIJp8V2sOAFAWARWsn4zA6m7AY"
"14","ゲストハウス山本","京都市南区吉祥院定成町１８−５","5.0","4.0","34.97749949999999","135.7362479","ChIJcabGxcwHAWARTLxGEby8ptU"
"15","大日寺の宿 京都吉祥院","京都市南区吉祥院稲葉町１０","4.5","33.0","34.9693179","135.7388612","ChIJo8ctGTIFAWARoDUvbqU-0qU"
"16","花楓舎Sakura&maple Guest House","京都市南区唐橋川久保町３０−４ 喫茶みのわ","5.0","1.0","34.9783817","135.7363034","ChIJqZ5GZBIHAWARIffI21GRao0"
"17","Jpreserve","京都市南区唐橋南琵琶町６−３５","","","34.975979","135.7385113","ChIJ3bDIug4GAWARmXpMM0fy5Co"
"18","寧寧の道(Nenenomichi)","京都市南区唐橋堂ノ前町１２ 12番地4","","","34.97820139999999","135.7376748","ChIJ57PV8gUHAWARC2ivNs9yqzw"
"19","ノワール東寺INN","京都市南区唐橋堂ノ前町２７−１０","","","34.9788233","135.7374504","ChIJzWb0KQAHAWAR6oqN-vNTksE"
"20","FTstandard","京都市南区上鳥羽北中ノ坪町５−２","","","34.96984630000001","135.7408737","ChIJCf7O4uIFAWARHG3Woq9CIpo"
"21","株式会社MATATABI 京都事業所","京都市南区吉祥院宮ノ東町１８−２","","","34.9821451","135.7232832","ChIJ03KPF88HAWARg0M1ktsBr4Y"
"22","Nishioji TANUKI 西大路 狸","京都市南区吉祥院西ノ庄門口町","5.0","2.0","34.9828651","135.7305727","ChIJE513PDQHAWARKKidBRnPYR0"
"23","西大路梟","京都市南区吉祥院西ノ庄門口町２","5.0","2.0","34.98287859999999","135.7305036","ChIJSWwPUwAHAWARtp1D8fA_XIQ"
"24","Nishioji Kado","京都市南区吉祥院西ノ庄門口町２","3.0","1.0","34.9828893","135.7306905","ChIJv4GurGsGAWAR5pisX0G-P0g"
"25","coco wa house","京都市西京区下津林中島町１−４２３","5.0","1.0","34.9693951","135.7142156","ChIJxzPYHsQHAWARzaI0bK1QzhE"
"26","Guesthouse Nina","京都市南区久世上久世町８０５−２２","4.5","10.0","34.9633168","135.7179783","ChIJz-KEhccHAWARUv50-Rwph9c"
"27","Sakura House Kyoto( near Katsuragawa station)","京都市南区久世上久世町２８３−３","","","34.9655694","135.715267","ChIJl6zGXQAHAWARD1KZTsavJs0"
"28","リラソゲストハウス","京都市南区唐橋門脇町４−１","4.6","57.0","34.9819467","135.7365802","ChIJearUuBMGAWARvb0TKGmvLqE"
"29","Funhouse 蘭","京都市南区久世大藪町28‐30","3.6","11.0","34.9611711","135.7191539","ChIJcd1KehkFAWAR-c1Y9QICl-E"
"30","桂川ハウス希 House Nozomi","京都市南区久世大藪町５−８","4.7","10.0","34.9617766","135.7181771","ChIJUeB7vyAHAWART16ICmrNGV8"
"31","京都南","京都市南区","","","34.9608758","135.7366854","ChIJ60p6AwAFAWAR_ZRcKisK7yk"
"32","-鳴間の宿 Narumanoyado- Kyoto Aquarium-MUS","京都市南区唐橋門脇町１１−８","","","34.98252679999999","135.7366822","ChIJGaO8GwAHAWARUI2U7WGXwSY"
"33","京唐庵","京都市南区唐橋門脇町１１−１","","","34.982613","135.7365716","ChIJQZ8RPv4HAWARXPXhn8jNWHs"
"34","FUNHOUSE_薫","京都市南区久世大藪町７８−３","2.6","5.0","34.960382","135.7198858","ChIJvahEQzAFAWARW0H7EKIQ7Qo"
"35","京の宿AZU 西大路","京都市下京区七条御所ノ内南町９３−１","","","34.9840215","135.7330882","ChIJbWhB1WoGAWAR3icwQ-TJDvE"
"36","桂川ハウス KatsuragawaHouse","京都市南区久世大藪町２６−９","4.5","14.0","34.9611568","135.7184671","ChIJv2Vo3QUFAWAR2AO-Qmrjm0Q"
"37","桜縁","京都市南区西九条豊田町３３−２","","","34.9756892","135.7432684","ChIJsdvZTAAHAWARF2yzNO20rGw"
"38","楓情","京都市南区西九条豊田町３３−１","","","34.9756883","135.7433119","ChIJE_cYcgAHAWARi8AgbYx--lA"
"39","守拙暖心居","京都市南区西九条豊田町３５−２６","5.0","2.0","34.9760576","135.7435045","ChIJxX0rOAYGAWARaWRCYJph2XE"
"40","翔龍庵","京都市南区唐橋羅城門町4ｰ10","5.0","8.0","34.978779","135.7423271","ChIJ8wQhkeoHAWARVHprRjcm_sI"
"41","京物語","京都市南区西九条大国町５２番地１０","","","34.9781203","135.7432426","ChIJ6_c6me4HAWARjI5tWazGSQw"
"42","京まいまい〜KYO MAIMAI〜","京都市西九条豊田町３８−９","4.0","2.0","34.9762852","135.7442778","ChIJudZ2JJAHAWAROwef483dF40"
"43","本町ハウス ペンギンハウス","京都市下京区七条御所ノ内本町８３","","","34.9854599","135.7316738","ChIJy1wYgmoGAWARPVjSctyjuiM"
"44","kyorakuya","京都市南区唐橋高田町３２−７","","","34.9804002","135.7419872","ChIJszb8OAAHAWARSIHtgcThfvA"
"45","江房Hostel","京都市南区唐橋高田町３０−１２","4.8","39.0","34.9807978","135.7417348","ChIJNbiT5g8GAWARhP9EtSyFHbU"
"46","Pure home 1","京都市南区唐橋井園町５２−８","4.5","6.0","34.9820777","135.7403743","ChIJqa-sdY4HAWARgwGl-GswP-k"
"47","桃李さくら庵 梅小路 ゲストハウス","京都市下京区梅小路東中町５９ ５９番地","3.3","3.0","34.98441","135.7367289","ChIJTS65FBQGAWAR_OG3TOjZ_Lw"
"48","Stay SAKURA Kyoto 椿","京都市南区八条内田町２６−１","4.5","49.0","34.97963459999999","135.7432732","ChIJA2E7gwUGAWARhh1riss5cuM"
"49","​Residence Jo 霖屋","京都市下京区七条御所ノ内中町１２","","","34.9862477","135.7312332","ChIJQaXOTwAHAWARmzri1MDD9ek"
"50","桜の宿 東寺千本","京都市南区唐橋高田町２０−１０","1.0","1.0","34.9812854","135.7419949","ChIJlb6Mxs8HAWARB7eL48AS-HY"
"51","喜楽・炎林苑","京都市南区唐橋高田町１９","5.0","1.0","34.9813592","135.7420533","ChIJzaRQSQAHAWARRXA1x6frCXI"
"52","Santana Guest House Kyoto サンタナゲストハウス京都","京都市下京区七条御所ノ内中町４５−２","4.2","68.0","34.9864573","135.7315106","ChIJK4FWOEAGAWARrUB3ofj84Lo"
"53","京都梅小路民宿","京都市下京区梅小路石橋町５４−４","4.3","3.0","34.98584890000001","135.7347242","ChIJU9vdr8EHAWARcJ1tSQa7IHQ"
"54","清盛梅花","京都市下京区梅小路東中町83−１","3.0","7.0","34.98524519999999","135.7371557","ChIJL_WqEGUHAWARcIjEhKA5Ifw"
"55","Kyoto cozy house 1946","京都市下京区梅小路石橋町４９−３","4.3","3.0","34.986053","135.7355374","ChIJ_Qhn-0kHAWARqYWtIPvipVY"
"56","京都プラザホテル近鉄十条","京都市南区西九条菅田町１−１","3.9","215.0","34.9734786","135.7472537","ChIJ16fQxrQFAWARBHw1_3acCbw"
"57","琉璃心民宿","京都市南区八条内田町44番地2","","","34.9816748","135.7431457","ChIJG9wySmgHAWARMHJc1647Ddc"
"58","Aya Hotel","44番地1, 44-1 八条内田町, 南区 京都市","5.0","3.0","34.9816555","135.7432114","ChIJBa4OGAAHAWAR6xFNCgeBxQY"
"59","Sunny side","Japan","3.0","1.0","34.9843593","135.7164118","ChIJm3d54VgGAWARsZSvgtD1Djg"
"60","紡 八条源町","京都市南区八条源町１１５","3.5","4.0","34.9820227","135.742854","ChIJ132GdMUHAWARQjaC-7kNeS4"
"61","都ホテル 京都八条","京都市南区西九条院町１７","4.1","7334.0","34.9839515","135.7557221","ChIJOwKjXKkIAWARWqpSj0AJhLE"
"62","京都プラザホテル本館・別館","京都市南区西九条蔵王町２８","3.7","1627.0","34.9812331","135.7534685","ChIJMb1vPqoIAWARDutOVeRJSJs"
"63","九条烏丸ハウス","京都市南区東九条中御霊町５１−２","4.4","146.0","34.979439","135.761616","ChIJA8U8fk0PAWARXkiiA83woWY"
"64","リーガロイヤルホテル 京都","京都市下京区松明町1番地","4.1","5610.0","34.9863853","135.7526951","ChIJ2_bqcpUIAWARCxsfbw83nEY"
"65","ホテルアンテルーム京都","京都市南区東九条明田町７","4.4","1399.0","34.9757424","135.7589803","ChIJkyOPflEPAWARiMMPK__Rac8"
"66","ピースホステル京都","京都市南区東九条東山王町２１−１","4.7","1261.0","34.983611","135.7621203","ChIJvyvihbIIAWARxakS-eHqjRE"
"67","グリーンリッチホテル京都駅南","京都市南区東九条下殿田町３","3.9","835.0","34.9797303","135.7562838","ChIJddyRRKsIAWAR1QJ7sccUuNk"
"68","京都新阪急ホテル","京都市下京区東塩小路町５７９","4.0","2818.0","34.9874218","135.7577113","ChIJWQ4wP68IAWARIes_wzazmKA"
"69","ホテル晴輝 京都ステーション","京都市南区東九条北烏丸町２４−５","3.9","172.0","34.98133079999999","135.7599441","ChIJO2n1Oq0IAWAR7JhfzddeZOQ"
"70","イビススタイルズ 京都ステーション","京都市南区東九条上殿田町４７","4.1","1787.0","34.9837462","135.7584549","ChIJg2i1O6wIAWARE4Xv-As-A0Q"
"71","ホテル エルシエント京都八条口","京都市南区東九条東山王町１３","4.2","2988.0","34.9837751","135.7613828","ChIJ2TkpW6wIAWARHE6lEPbg7Jw"
"72","ゲストハウス懐古的未来","京都市南区東九条中札辻町３３−３","4.0","11.0","34.977113","135.7620299","ChIJazKbCE4PAWARtkmKNOi06Lw"
"73","松本旅館","京都市下京区東塩小路町５７９ ホーム1","3.9","147.0","34.9873844","135.7581696","ChIJ6R-2Fa8IAWARio-TDnVf22k"
"74","Tabist スパークリングドルフィンズイン 京都","京都市南区東九条上御霊町５６ スパークリングドルフィンズイン京都","3.8","87.0","34.9797945","135.7627787","ChIJ1UJCZk0PAWARb5zfFn7L5uU"
"75","民泊みすずハウス","京都市南区東九条松田町６１−１５","4.0","1.0","34.9747338","135.7546483","ChIJt7JCNFQPAWARZXkUDJB9i8s"
"76","アルモントホテル京都","京都市南区東九条西岩本町２６−１","4.4","1801.0","34.9833003","135.7639236","ChIJ2XKv2LIIAWARcN_URhWO2n8"
"77","はる家 梅小路 ｜ HARUYA Umekoji","京都市下京区和気町1番地12","4.0","387.0","34.9886614","135.7488138","ChIJ9wB1IhwGAWARSRX9M7FFzrw"
"78","アパホテル〈京都駅堀川通〉","京都市下京区 油小路通塩小路西油小路町1番地","3.7","2754.0","34.986512","135.7536717","ChIJC9zDdagIAWARtJV4CjMuX98"
"79","アパホテル〈京都駅前〉","京都市下京区南不動堂町８０６ 西洞院通塩小路下ル","3.8","1843.0","34.9864192","135.7549834","ChIJ6V8-jagIAWARm9dUeM6cWM8"
"80","京都第一ホテル","京都市南区東九条下殿田町45","3.8","801.0","34.9796556","135.7569847","ChIJmxZjqawIAWARyFrmvcWcbwo"
"81","ダイワロイネットホテル京都八条口","京都市南区東九条北烏丸町９−２","4.2","1279.0","34.981626","135.760024","ChIJ-aRTPK0IAWARkDLcRbtDIsI"
"82","ワシントンR＆Bホテル京都駅八条口","京都市南区東九条上殿田町４１−１","3.7","842.0","34.9830287","135.759511","ChIJLyhFrK0IAWARF8iIiOqZFV4"
"83","ゲストハウス 和／Guest House WA／便捷青旅 和","京都市下京区西八百屋町１５４ 七条通猪熊東入西八百屋町152 猪熊東入","3.8","69.0","34.9890608","135.7514864","ChIJv4Vc7R0GAWARVNvP6-ma-68"
"84","Hotel JIDAI","京都市下京区油小路町２９５","4.6","48.0","34.98864630000001","135.7536937","ChIJs-lHsKcIAWARJMgPzXvFzGs"
"85","ホテルグランヴィア京都","京都市下京区JR京都駅 中央口 烏丸通塩小路下ル","4.3","4610.0","34.98585850000001","135.7589822","ChIJaVi89K4IAWAR4vsxLc_WnbM"
"86","ホテルエクセレンス・京都駅西","京都市南区西九条寺ノ前町８","3.4","454.0","34.98492589999999","135.7533699","ChIJ1UcSOKgIAWARCDzRaJErEiU"
"87","ランドーレジデンス京都クラシック","京都市南区東九条上御霊町５８−１","4.3","223.0","34.98004299999999","135.762525","ChIJjb3Ic00PAWARmWlayC8EjNE"
"88","Inarian TOBA","京都市東山区福稲下高松町４２−５","","","34.9736884","135.7676408","ChIJ___WQkYPAWAR10WpkbO-ZBM"
"89","Zen Kyoto Apartment Hotel","京都市伏見区竹田段川原町２３９","4.5","172.0","34.95809749999999","135.75738","ChIJX_ZdrmYPAWARyo4VjU8ySqQ"
"90","都シティ 近鉄京都駅","京都市下京区東塩小路釜殿町１−９","4.2","1993.0","34.9848169","135.7575091","ChIJI9DHta4IAWARDmbkNQVFOlI"
"91","SAKURA TERRACE","京都市南区東九条烏丸町１−１","4.2","2068.0","34.97975900000001","135.759492","ChIJJVGF2VIPAWARq3tLCzPqHdE"
"92","Stay SAKURA Kyoto 祭","京都市下京区伊勢松町１１５","4.4","69.0","34.98751710000001","135.7514368","ChIJAQBAcR0GAWARFH5fAmwYi1U"
"93","相鉄フレッサイン 京都駅八条口","京都市南区東九条西山王町１１番地","4.4","1077.0","34.9828676","135.7610043","ChIJ19SvEq0IAWARLD6V_uVxg_8"
"94","京都タワーホテルアネックス","京都市下京区東塩小路町５９５−１","4.0","1084.0","34.9880935","135.7565816","ChIJw3b2AaYIAWAR7RoLRIxjKQw"
"95","MIMARU京都 STATION","京都市南区東九条東山王町１５−１","4.8","409.0","34.98431109999999","135.7617109","ChIJSa6Rd7IIAWAR0VNhyWD2uMw"
"96","PREMIUM TOJI","京都市南区西九条比永城町119番地","4.5","70.0","34.97914319999999","135.7490514","ChIJq9L6lY0HAWARGjeyPKnaUEs"
"97","Nagomi-an Hachijyoutei","京都市南区東九条北烏丸町８−９ 和庵八条亭","4.8","9.0","34.9813823","135.7593955","ChIJn8EUIa0IAWARGBIFIiY8KCI"
"98","メルキュール 京都ステーション","京都市下京区油小路町２８８","4.4","1379.0","34.9884343","135.7535903","ChIJVbimhTQJAWARtXpd8c69fzs"
"99","カモンイン 相深 1","京都市伏見区深草相深町９−６","4.2","5.0","34.9725655","135.7691649","ChIJH09NI0cPAWARRQZzeDfn3xQ"
"100","Shiki Suites京都梅小路","京都市下京区上夷町１５７","4.4","104.0","34.9862796","135.750935","ChIJpwFSz70HAWARSY7S7KuN4mY"
"101","Moco hostel","京都市南区西九条御幸田町２４番地３","4.4","16.0","34.97554799999999","135.74957","ChIJkYRWLP4FAWAR5UEO8ANVn08"
"102","Riusu流苏","京都市南区西九条東柳ノ内町５８−７","4.5","14.0","34.97600860000001","135.7530758","ChIJW1CxbVUPAWARjtS7TkB6YNg"
"103","COTO京都 東寺２","京都市南区西九条南田町４４−６","4.4","17.0","34.97874479999999","135.7487559","ChIJQcZcFAEGAWAR1_SE0qGA_fk"
"104","ザ ネクスト ドア ロウワー イースト ナイン ホステル","京都市南区西九条東比永城町６５","4.1","72.0","34.9791577","135.7500613","ChIJKWvZpQEGAWARSoxng4iSaKE"
"105","KYOSTAYいろは 東寺別館","京都市南区東寺東門前町１１","4.6","83.0","34.98027450000001","135.7494938","ChIJJ2ppfgEGAWAReAjJDvgFDdI"
"106","京町家 宿《京ノ夢》","京都市南区東九条石田町４６−４６","4.0","10.0","34.97367959999999","135.7605827","ChIJExWWOVAPAWAR04e4FFPfoyg"
"107","HOTEL SHE, KYOTO","京都市南区東九条南烏丸町１６","4.4","453.0","34.97718030000001","135.7594799","ChIJ26SOU1IPAWAR7WmdJChc-d0"
"108","九条ステイズ","京都市南区東九条中殿田町８","4.8","14.0","34.98085870000001","135.7556782","ChIJ-_HEoasIAWAREMxcnjOJ0eM"
"109","京と家 おたびしょ庵","京都市南区西九条池ノ内町９９−９","5.0","2.0","34.9827916","135.7530281","ChIJqQgP7KkIAWARR6a7yOGAyio"
"110","季楽庵kirakuan","京都市南区南区東九条中殿田町１９−２","4.3","3.0","34.9807447","135.7574197","ChIJ5Qpwl6wIAWARBOKJ5i5_rTk"
"111","いっぱく","京都市伏見区深草勧進橋町１０９−１","4.7","6.0","34.9679265","135.7620159","ChIJ00kdUUMPAWAR7Zt-UJVkWp0"
"112","LoveKyoto京緣館","京都市南区東九条西札辻町２３−１８","4.7","31.0","34.97690009999999","135.7613605","ChIJ1zpg_1EPAWARJj7cfbC3-y4"
"113","京のお宿 AZU","京都市南区東九条中殿田町１６−３","4.2","9.0","34.9812535","135.7577124","ChIJb2thhawIAWARV-2wddUYx38"
"114","9410 京都 宿","京都市南区東九条中殿田町１２−７","3.0","3.0","34.9817203","135.7575308","ChIJhYdDiKwIAWARKdgLej1ebdw"
"115","ホテルエクセレンス・京都駅八条口","Hotel Excellence, 1F, ５-5 西九条鳥居口町, 南区 京都市","3.7","494.0","34.9835121","135.7540529","ChIJTfUBmakIAWARdYJWiU0KxHE"
"116","サクラテラス ザ・アトリエ","京都市南区東九条北烏丸町１−1","4.1","743.0","34.9808777","135.759003","ChIJC_e_YqsIAWARpWnAJYYPsWA"
"117","22PIECES","京都市南区東九条室町９−４","4.8","341.0","34.9824","135.7568831","ChIJd-N9iqsIAWARy2p2iJQYwCo"
"118","アーバンホテル京都","京都市伏見区深草西浦町４丁目59番地","3.7","1328.0","34.96140860000001","135.7680355","ChIJy4JUypYPAWARDIOifc3TjwM"
"119","布袋庵","京都市東山区本町２２２−９","5.0","4.0","34.98168649999999","135.7701349","ChIJY6K3FkoPAWARef3aIo5Pr5U"
"120","ホテル飯田","京都市下京区東塩小路町７１７−３","3.6","92.0","34.9876282","135.7605555","ChIJYY7VNK4IAWARxqX4DDC26Bo"
"121","京都センチュリーホテル","京都市下京区東塩小路町６８０ 京都センチュリーホテル","4.3","2356.0","34.9860815","135.7617614","ChIJjV_hBK4IAWARTMFgI50VdXc"
"122","ゲストハウス東山","京都市東山区今熊野南日吉町３０−２２","4.2","27.0","34.98449579999999","135.7784147","ChIJS8AVgTEPAWAR2tFzgBfnZ6M"
"123","ホテル佐野家(RYOKAN SANOYA)","京都市下京区東塩小路町５３９","3.8","298.0","34.9876819","135.7609628","ChIJT-pGNaQIAWAR9qxA4ilQENM"
"124","京都ホワイトホテル","京都市下京区東塩小路町５５６","3.2","88.0","34.987798","135.7619437","ChIJT1DYLq4IAWAR9kzDgGbf_Kg"
"125","ドーミーインPREMIUM京都駅前","京都市下京区東塩小路町５５８−８","4.3","1747.0","34.9874424","135.7619008","ChIJVSsR2bEIAWARZsSeuqhAc4E"
"126","ハイアットリージェンシー京都","京都市東山区三十三間堂廻り６４４−２","4.3","2137.0","34.9886172","135.7735468","ChIJ_yycHcsIAWARO8pU_wZq320"
"127","西喜楼","京都市下京区東塩小路町７１１−７ 不明門通七条下る","4.4","48.0","34.9881081","135.7605193","ChIJebXuPKQIAWARsG0f6b7XdJs"
"128","OHTO Ryokan","京都市東山区鴨川東一筋目南入ル","3.1","224.0","34.9887938","135.7687439","ChIJ_1p1s7UIAWARlLUZRcgR7FA"
"129","村の家","京都市東山区福稲柿本町２０−７０","5.0","2.0","34.9785152","135.7688393","ChIJ6f5UqEkPAWARuvMgMFiMFqY"
"130","編暇","京都市東山区今熊野総山町１−１２","4.3","19.0","34.9838408","135.7825025","ChIJ1wHfri8PAWARxMU0lysiOyM"
"131","ホテル法華クラブ 京都","京都市下京区東塩小路町５７９−１６ ホテル法華クラブ京都 １階","4.1","1340.0","34.9875186","135.7587572","ChIJB5VdDq8IAWARlVx3RYLAJhM"
"132","宿彩 アートステイイン東福寺","京都市東山区福稲柿本町２４−１ 水明荘","4.3","16.0","34.97902649999999","135.7687214","ChIJFYV8oEkPAWARKzczMG4ZDdg"
"133","Walker House Kyoto","京都市東山区泉涌寺東林町14−７","4.0","6.0","34.9813216","135.7763527","ChIJTxnY2TAPAWARg8t4fRkaNYs"
"134","町家 月輪こはく庵","京都市東山区泉涌寺雀ケ森町３−８","4.4","20.0","34.9823283","135.7732888","ChIJWea7fzYPAWAR3Ct8V7VAPZA"
"135","ゲストハウス東山 じゃお","京都市東山区今熊野南日吉町１４８−７５","4.9","11.0","34.9844726","135.7801029","ChIJvT947jEPAWARM6HdqZy-gps"
"136","熊野ハウス","京都市東山区今熊野日吉町１１９−４","3.4","5.0","34.985765","135.7780796","ChIJcWNIojQPAWARQRvLR7Z4r-Q"
"137","JQ Villa Kyoto Maiko Han-inn","京都市東山区泉涌寺五葉ノ辻町２０−２","3.7","3.0","34.982302","135.771642","ChIJecoi7jUPAWARIlSqPYNwpjQ"
"138","Kyoto Higashiyama Honmachi apartment","京都市東山区本町１３６ ８","4.8","5.0","34.98498000000001","135.7700789","ChIJPXXrtkoPAWARYiR77cJbnCQ"
"139","アパホテル〈京都駅前中央口〉","京都市下京区塩小路町533番地 東洞院通七条下ル","3.7","1283.0","34.9879264","135.76094","ChIJQ1mvza8IAWARU4XlCI0M10o"
"140","旅館からたち","京都市伏見区深草一ノ坪町２０−６","3.7","7.0","34.9688919","135.769509","ChIJjd67REAPAWARowG2PwpbTQ0"
"141","花 伏見稲荷店","京都市伏見区深草一ノ坪町20−７ ドミール稲荷","4.2","12.0","34.9687336","135.7697623","ChIJVVW5QUAPAWARySejO--Pox8"
"142","レジデンス イン ニコン","京都市伏見区深草西浦町３丁目１４−３","3.4","9.0","34.9616403","135.7655711","ChIJFaKCRWkPAWARFB8i-2mgsN4"
"143","下町ブルース","京都市南区東九条宇賀辺町５４−７","5.0","2.0","34.9776752","135.7649078","ChIJIUiiXegOAWAR4nYI2Q0EaFk"
"144","Goodsleep-ya ぐっすり家 伏見稲荷","京都市伏見区深草一ノ坪町３７ 17 West","4.0","2.0","34.9689786","135.7689337","ChIJxV5dUUAPAWARkSYJoXh7OyI"
"145","nini hostel 伏見稲荷","京都市伏見区深草一ノ坪町３８−１５","5.0","43.0","34.9685944","135.7685666","ChIJlTNmrUEPAWARs-dOf19hNKU"
"146","稲荷凰庵","京都市伏見区深草稲荷鳥居前町２２−３","4.1","16.0","34.9665609","135.7687321","ChIJI2t7h2oPAWARshiAWMTX7bE"
"147","渡庵-Watarian-","京都市南区東九条南松ノ木町３５−１","5.0","1.0","34.977248","135.7649469","ChIJn5G6604PAWARV_v9ZZDT3Do"
"148","ホテルファインオリーブ京都山科店","京都市山科区上花山坂尻１０７−１６","2.9","15.0","34.9821718","135.7958618","ChIJ75JAONwOAWARfVnP871rXeI"
"149","Theatre and Library Residence -Kyoto Imagumano-","京都市東山区東山区今熊野南日吉町１４８−５９","3.5","2.0","34.984769","135.780405","ChIJkQGG4TEPAWARRxRqMMcQvVY"
"150","東福寺サムライ町家(Tofukuji samurai Machiya)","京都市東山区泉涌寺五葉ノ辻町","4.7","11.0","34.9825845","135.7724507","ChIJTcwXwzUPAWARjcW5xc-bLmo"
"151","京都東山くるみ","京都市東山区泉涌寺五葉ノ辻町４−５","4.5","11.0","34.982059","135.771171","ChIJmzau9zUPAWAR2h-rt6liAHE"
"152","清明舎","京都市伏見区稲荷山官有地１７−１","4.1","14.0","34.96974699999999","135.7852646","ChIJfX6k_hsPAWARYPUiQ0iPniw"
"153","NISHIKIEN YAMASHINA VILLA","京都市山科区西野山桜ノ馬場町９０","","","34.96868930000001","135.7972224","ChIJKzOq7VoPAWAR3xMAjJTjYZ4"
"154","ハイツ村田","西野山百々町, KyōtoKyoto, 山科区","","","34.9761449","135.7969742","ChIJMxbbGgAPAWARDAaq8z3rzI4"
"155","サンカ株式会社","京都市東山区今熊野南谷町１７−１","","","34.97561700000001","135.7785242","ChIJZRJ3eioPAWAR9073aiiaEVQ"
"156","京都逸苑itsu-en民宿","京都市東山区今熊野南谷町１８−９","","","34.97604880000001","135.778318","ChIJgXzrewAPAWARJksSwlMhylU"
"157","民泊 稲荷山","京都市伏見区深草坊山町３５−７","4.9","9.0","34.9637728","135.7805912","ChIJQU9wet8PAWARYZiUn5qXEng"
"158","Kyoto Share House 『田舎〜INAKA〜』","京都市山科区山科区川田菱尾田１７−１３１","5.0","8.0","34.9774869","135.7988431","ChIJIYIfPeYOAWARWsTgO50sB1U"
"159","パルコ","京都市山科区上花山坂尻１０７−１４","3.3","20.0","34.9819168","135.7957006","ChIJwQ5VNtwOAWARJhMTabZe-Bo"
"160","京町家ステイ 和華 伏見稲荷邸","京都市伏見区深草開土町５１","4.1","8.0","34.9686293","135.7724846","ChIJa7OB4D8PAWARRbQ9ceOnjj0"
"161","Loc Kyoto","京都市東山区泉涌寺東林町３２","1.0","1.0","34.9801731","135.7758242","ChIJpZiEcQAPAWARE9fIMblj4qI"
"162","シェアハウスYADOKARI 深草開土町","京都市伏見区深草開土町９６−１ 96番地1","5.0","2.0","34.9709828","135.7719262","ChIJb6fEyZkPAWAR0gkOe8p8pwc"
"163","shared house Imakumano","京都市東山区今熊野南日吉町３８","","","34.9838331","135.7814012","ChIJH7zVBF0PAWARpwCwXKUg8l4"
"164","Tofukuji House by Japan Experience","Imakumano-Tsuruginomiya-cho, 28-4, 東山区 京都市","5.0","6.0","34.9823322","135.7772864","ChIJ1_uyHnUPAWAROCa0yeddTyk"
"165","Connect Inn 泉湧寺","京都市東山区泉涌寺東林町10−３","5.0","1.0","34.9813889","135.7758242","ChIJO_x0RdEPAWARryCQV15Fz90"
"166","京町屋 仙遊/KYOMACHIYA SENYU","京都市東山区泉涌寺東林町２０−６","","","34.9812161","135.7755125","ChIJ09OIuV0PAWARTXVYFgEAp5U"
"167","シェアハウス隣輪Rin Rin","京都市山科区栗栖野打越町１２−８","","","34.97267280000001","135.8052903","ChIJnZZUjoAPAWARyYgjV1mycNc"
"168","奏 伏見稲荷","京都市伏見区深草稲荷榎木橋町１５−３","3.8","5.0","34.9690951","135.7710837","ChIJIU9QYvcPAWART1CjHWi7Baw"
"169","御屋・松","京都市伏見区深草藪之内町１７−３ 17番地３","4.9","8.0","34.9655383","135.7724151","ChIJZYelvBgPAWAR8HIU7bqUZjI"
"170","御屋・稲","京都市伏見区深草藪之内町45番地１","","","34.9663408","135.7719343","ChIJ45JbfD4PAWARzYsWHWO5eiU"
"171","ゲストハウス宮之軒 伏見稲荷","京都市東山区本町１９丁目４２７−２","4.5","2.0","34.9738499","135.770901","ChIJUTPBS5cPAWARbcHuJGA5JsQ"
"172","御屋・荷","京都市伏見区深草藪之内町45番地３ー２","","","34.9662758","135.7719136","ChIJVZfJlu8PAWARwX3OrvHPcMI"
"173","御屋・榊","京都市伏見区深草藪之内町４５−４","","","34.9662758","135.7719136","ChIJnZT1Ua4PAWARjq9pEWTB5rE"
"174","御宿 長谷川","京都市東山区本町１９丁目３９９","5.0","2.0","34.9749892","135.7709633","ChIJY3Hx58cPAWARHGQlBVBWvnE"
"175","bliss京都伏見稲荷","京都市伏見区深草稲荷榎木橋町２８","","","34.9691516","135.7707134","ChIJKQ7oRAAPAWARCJDXhXseOjk"
"176","One More Heart at Fushimi Inari","京都市伏見区深草稲荷中之町５８","3.7","49.0","34.96831439999999","135.7708947","ChIJoWOFiNEPAWART_fFRUw4gsg"
"177","京都住處","Japan, 大吉ビル, 56 深草稲荷中之町, 伏見区","","","34.9683702","135.7708451","ChIJv-KeNf8PAWAR3RBkFmUuigA"
"178","Stay Inn Silkriver@伏見稲荷","京都市伏見区深草稲荷中之町５６","","","34.96837359999999","135.7707782","ChIJn72EY5MPAWARjFafGxnkih8"
"179","GUESTHOUSE SHIKI TOFUKUJI","29-7 Torincho Sennyuji, 東山区 京都市","5.0","4.0","34.98124130000001","135.7741921","ChIJX7Wh628PAWAR_pxolt5Zqt0"
"180","Jizo House","京都市東山区今熊野南日吉町３０−８","4.5","2.0","34.9843866","135.7785887","ChIJ2bYFyi8PAWARNcIl_6clE5I"
"181","京蘭 柳月邸（KYORAN-RYUZUKITEI）","京都市伏見区深草森吉町６−２３","5.0","23.0","34.9713726","135.7698153","ChIJDccPEwAPAWARV2ZY_9r1Lok"
"182","京恋·東福門","京都市東山区今熊野劔ノ宮町２２−２０","","","34.9828026","135.7758618","ChIJ66PuNwAPAWARLkXqR7MSyRU"
"183","好室伏見HouseFushimi","京都市伏見区深草森吉町３−１０","5.0","6.0","34.9714599","135.7697613","ChIJ7WIaer8PAWARWfrvXN7gZ-E"
"184","稲荷鉄道ハウス","京都市伏見区深草野手町２２−２","","","34.96309429999999","135.7729168","ChIJH9zzXAAPAWAR0P71z6jGiVM"
"185","Kyoto inn higashiyama","京都市東山区今熊野南日吉町３０−２１","4.0","5.0","34.9843979","135.7783511","ChIJMRQ3q6MPAWARd7ItKuRgxLI"
"186","紡 東福寺南門","383-3 本町１８丁目, 東山区 京都市","4.1","9.0","34.9754157","135.7702814","ChIJI3Ytk0cPAWAR9DV8ce2aS1U"
"187","京蘭 龍月邸(KYORAN-RYUGETSUTEI)","京都市伏見区深草一ノ坪町２０−１","5.0","20.0","34.9689237","135.7698287","ChIJkwRteAAPAWAR1RYgWNXVPO4"
"188","稲荷かおり","京都市伏見区深草下横縄町18−３２","5.0","1.0","34.9697986","135.7696522","ChIJG6u0oDMPAWARyy3n3Gm6Nbo"
"189","百代家 京都 伏見稲荷","京都市伏見区深草上横縄町８−３２","5.0","5.0","34.9709592","135.7695191","ChIJ-VUnB2cPAWARYndpfGm1yqs"
"190","京の町 白鳳","京都市東山区福稲下高松町４−７","4.5","6.0","34.9735728","135.7696447","ChIJufDIDUcPAWARufD2N7IKMgI"
"191","HOTEL キュテラ","京都市山科区東野中井ノ上町１３−３３","3.3","34.0","34.98081560000001","135.8214493","ChIJZ5Xz54QOAWARM4oCsPIUs8M"
"192","シェアハウスYADOKARI 椥辻","京都市山科区椥辻番所ケ口町２番地１","5.0","1.0","34.9710422","135.8107139","ChIJrT8d4E4PAWARMgtL3rq-sMs"
"193","Connections合同会社","京都市山科区椥辻番所ケ口町４５−１２ インサイトコート椥辻","1.0","1.0","34.9715459","135.8108","ChIJe0qCDYsOAWARuwtRifaDGBM"
"194","キャンプバーT-BASE","京都市山科区東野森野町２−５２ サワダビル 1F西館","4.6","5.0","34.9746214","135.8081409","ChIJMTKWY3YPAWARANopkeGKlJI"
"195","レンタルルームLair","京都市山科区椥辻中在家町21−２３ 三興レジデンス 203","5.0","1.0","34.97472","135.8161733","ChIJwdbx-TEPAWAR5NR-b7NTk-U"
"196","Tripinn","京都市山科区西野岸ノ下町８−９ 8番地9","3.8","5.0","34.98704529999999","135.8064177","ChIJk03yHMEOAWARfm3kABt1ObA"
"197","Hostel 8","京都市山科区西野楳本町８−１６","","","34.986694","135.802515","ChIJo9AK7C4PAWARFOLe8E1dd8w"
"198","乃斯NICE京都民宿","京都市山科区竹鼻地蔵寺南町３−１","4.1","17.0","34.987238","135.8152725","ChIJtcYmOZYOAWARUmyN0rshkhM"
"199","町家小宿 京のおおぞら","京都市中京区壬生松原町４４−１","4.4","12.0","34.9996008","135.7395435","ChIJ-a2n7zAGAWARexg0P51_hqM"
"200","東横INN京都五条大宮","京都市下京区中堂寺前町５０２−５ 大宮通五条下る二丁目西側","3.8","868.0","34.99453639999999","135.7488828","ChIJmUphxyEGAWARVYFfrg3mGc4"
"201","御宿つむぎ","京都市下京区中堂寺前田町２８−１４","4.6","20.0","34.995743","135.7469","ChIJPUME3SMGAWARZurCUUU0gkE"
"202","京町屋お茶や","京都市下京区西七条北東野町２３−４","4.1","9.0","34.9895783","135.7372997","ChIJN0Mgbj4GAWARNzETiHnE-jE"
"203","ホテルクラウン","京都市右京区西院金槌町１−１","3.0","42.0","35.0076605","135.7270349","ChIJa66B4bAHAWARBPFCXUM_MC4"
"204","Oyado nishishichijyo","京都市下京区西七条北西野町","4.1","7.0","34.9902618","135.733221","ChIJAQAAbD8GAWARG6HOYbkWbmI"
"205","湯の宿 松栄","京都市下京区西新屋敷上之町１２８","4.3","524.0","34.992134","135.7445304","ChIJV7BKjiIGAWARl9nTDEHc1bE"
"206","町家 嶋原懐傳 - しまばらかいでん","京都市下京区小坂町１−９","4.9","9.0","34.9939859","135.7449994","ChIJKwCCqiMGAWARumB1vVUMW0s"
"207","南二西院町屋","京都市中京区壬生東淵田町１８−７","4.6","29.0","35.0051995","135.7351103","ChIJlzRl0coHAWARsbgh9Pb58fw"
"208","京都西院料理好きの家 (My Pavilion to Arashiyama嵐山 & Gion祇園)","京都市中京区壬生東淵田町１８−６","5.0","3.0","35.0052696","135.7351158","ChIJ20MQ0coHAWARup3eKNCbCug"
"209","花築・青楓ハウス","京都市右京区西院西三蔵町２５","4.6","38.0","35.00194119999999","135.7313453","ChIJJYQc4q0HAWAR52iReIXpYXI"
"210","ホテルインテル京都五条","京都市右京区西院南高田町１６ インテル","1.8","4.0","34.9965685","135.7319207","ChIJVVVpSkgGAWARM1MgXAwMxZk"
"211","エスペリアホテル京都 サウナ 大浴場","京都市下京区中堂寺壬生川町２２","4.2","684.0","34.99648829999999","135.744918","ChIJC9-9hyQGAWARMCoz289YqEM"
"212","トランクルーム GoodBox西京極","京都市右京区西京極東大丸町１０−１ 宏和運輸倉庫","","","34.995055","135.7209904","ChIJ4SffyVMGAWARSBWC_JJhv_M"
"213","五条ホール","京都市下京区中堂寺北町４４","3.0","1.0","34.9964473","135.739816","ChIJNXSiWToGAWAROzR8hJq3kGg"
"214","Guesthouse KYOTO COMPASS ～京町家の小さなお宿～","京都市下京区西七条市部町１１５","4.9","171.0","34.99040350000001","135.7353468","ChIJX0b6Hj8GAWARpYv9EMhwhys"
"215","Nishishichijō Nishihattandachō","京都市下京区西七条西八反田町６３","5.0","4.0","34.9932778","135.7369596","ChIJ-XZQQTkGAWARJBp0BiWRCB8"
"216","Villa Kyoto Saiin","京都市右京区西院北井御料町９−２","4.5","51.0","35.001279","135.727277","ChIJYSY_tUwGAWARy_C9jQF-Cv0"
"217","平旅籠ひばり Hibari Hostel","57-2, Kyoto, Shimogyo-ku Suzakubunk-cho","4.7","60.0","34.9922522","135.7400254","ChIJHR4fWjwGAWARBGiSPVjUaz8"
"218","漫屋 ManYa 中京区","京都市中京区壬生下溝町４３−１１","4.8","4.0","34.99978179999999","135.736962","ChIJLSiDwzYGAWARWfAfCzmdO0k"
"219","SHIN","京都市下京区中堂寺南町５９−８ 2F/3F","4.7","32.0","34.9964089","135.7407279","ChIJx6uC_ToGAWARfg8gCWWzXQ0"
"220","リノホテル京都","京都市右京区西院三蔵町１７","4.1","732.0","35.0026464","135.7316811","ChIJq6oGxEoGAWARplHS7rP4i10"
"221","エステイト東久西京極","京都市右京区西京極南大入町７１−１ 西京極総合運動公園前","4.8","41.0","34.99635870000001","135.7149909","ChIJjxE_uqoHAWARFEXKfl5Jays"
"222","梅ノ戸庵 壬生寺","京都市中京区壬生下溝町１４−１４","2.7","3.0","35.0004419","135.7384054","ChIJR9_xMDEGAWARQ8qodeYpgfM"
"223","ホステル小春日和","京都市下京区西新屋敷下之町６番−３","5.0","26.0","34.99282719999999","135.7430815","ChIJKWdd1iIGAWARrWVyIRa9ttA"
"224","Guest House Kyoto INN","京都市下京区朱雀正会町１５−８","4.2","143.0","34.99004300000001","135.743165","ChIJ5f6nEBgGAWARGEzcXAUkces"
"225","Inuicho Usagi","京都市右京区西院乾町４６","4.2","5.0","35.0043592","135.7272884","ChIJewJ4x7MHAWARGG-QK1KXk0g"
"226","京一軒町家 さと居 七条壬生 香雪","京都市下京区西酢屋町２ ２番地２７番","4.3","50.0","34.9894544","135.7462634","ChIJNRC7IhkGAWARyP4NHPOwSuU"
"227","京都ハウス","京都市下京区小坂町１６−２５","3.6","5.0","34.9935745","135.7469378","ChIJy5aMGCIGAWARg9gpSmLDW7A"
"228","京一軒町家 染 SEN 七条壬生","京都市下京区西酢屋町10ｰ8","4.2","9.0","34.9894817","135.7472252","ChIJp8j-NBkGAWARC6RgbgBe9sc"
"229","FUJITAYA Kyoto","京都市下京区中堂寺藪ノ内町２２−５","4.6","101.0","34.9947752","135.7479383","ChIJZyYShSEGAWARo_dVrF2gijw"
"230","オレンジ・イン","京都市下京区西七条北衣田町９","3.3","22.0","34.9894626","135.7307712","ChIJN4LENEcGAWAR9jpAjPqPy9g"
"231","京都マイペンション","京都市右京区西院小米町３４−１２","3.6","38.0","35.00404450000001","135.7243245","ChIJ6Y04G7IHAWARXC6-k-kHbpM"
"232","京町家小宿 ｎａｏ炬乃座 別邸 梅小路","京都市下京区朱雀内畑町８−３３","4.7","29.0","34.98822639999999","135.7414354","ChIJfxCaohcGAWARNrz8X_mzJOc"
"233","民泊コンシュルジュ 京都Visitors","京都市中京区壬生神明町１−１３５","3.0","2.0","35.0066285","135.7383943","ChIJBaA_pcsHAWARvTCRkh_1tnY"
"234","きんせ旅館","京都市下京区西新屋敷太夫町７９","4.4","143.0","34.99248900000001","135.7439337","ChIJDb9X6iIGAWARFbTLt3-neZ0"
"235","やまと旅館","京都市下京区朱雀正会町１５","2.8","29.0","34.990147","135.7431536","ChIJEZ18ERgGAWAR0lGfxEWldjI"
"236","旅館 さんき","京都市下京区西新屋敷下之町２９ 旅館さんき","4.2","33.0","34.992687","135.7437132","ChIJHY3FwiIGAWARaKRJ7fWgPic"
"237","藏や 大宮島原","京都市下京区 大宮通花屋町下がル大宮二丁目575番地","4.7","7.0","34.992613","135.7490255","ChIJy1C6bR8GAWARJvSjWlQhPt0"
"238","香柏 西京極 Kouhaku Nishikyogoku","京都市右京区西京極南庄境町４１−１","4.7","3.0","34.9921731","135.7279427","ChIJrX90pHMHAWARSPpdnnd7neU"
"239","かんざき","京都市下京区西七条北月読町","","","34.9897404","135.7304697","ChIJ5YlR0UYGAWARcBxdlzXesE8"
"240","Sekia Wagaya Hotel（ワガヤ ホテル）","京都市下京区西七条掛越町４０−１","4.5","66.0","34.9931869","135.7320103","ChIJib0x0jgHAWAR7aWprankqcs"
"241","Delia Wagaya Hotel","京都市下京区西七条掛越町４０−１","","","34.9931869","135.7320103","ChIJYeKMaQAHAWARK4z79k3DP8c"
"242","江戸川 マルチネス","京都市下京区西七条南衣田町７１ アクロス京都西大路","","","34.9890157","135.73202","ChIJIfunhXMHAWARaoeCt14AzTI"
"243","御宿西七条","京都市下京区西七条北西野町2−番地","4.3","12.0","34.9902698","135.7332194","ChIJ-SL3NEAHAWARgzpA7j9zFEI"
"244","Tsubame Hostel (つばめ 西大路五条)","京都市右京区西院南高田町４","5.0","4.0","34.995999","135.73146","ChIJZXOKT0gGAWAR4f2mM1ib8F8"
"245","ニャン亭","京都市右京区西院西寿町１","","","34.9967981","135.7283492","ChIJGZB47LQHAWAR-frfi9xPBg4"
"246","FUJITAYA BnB Bike&Yoga","京都市下京区西七条北西野町３７−１","4.6","266.0","34.98966290000001","135.7341454","ChIJe_lRbD8GAWARRoMWspOKps0"
"247","御屋・玉蘭","京都市下京区西七条市部町92−１１","","","34.9904123","135.7350064","ChIJm1MtdCcHAWARoBlvGPaPBCA"
"248","KYOSAKURA","京都市下京区西七条東石ケ坪町16","4.5","4.0","34.9928404","135.7358616","ChIJ87vlIzkGAWAR3JAuOgzdvjo"
"249","ゲストハウス金魚/GuestHouse Kingyo","京都市下京区西七条市部町80番地","","","34.9912243","135.7360677","ChIJW12KQP4HAWAR_1p93ReDfq0"
"250","京都東急ホテル","京都市下京区柿本町５８０ 堀川通五条下ル","4.2","3440.0","34.9951315","135.7516374","ChIJNVg1AyAGAWARce4JCgb-RyE"
"251","東横INN京都四条大宮","京都市中京区壬生坊城町６−２","3.8","810.0","35.0040224","135.7473717","ChIJQ2Ks1C4GAWAR_jNbYyI_-5E"
"252","ホテルカンラ京都","京都市下京区北町１９０ 烏丸通六条下る","4.5","844.0","34.9936736","135.7594668","ChIJqWarf6MIAWARxWFweS3QtZc"
"253","Kyoto Hana Hostel - 京都花宿 -","京都市下京区粉川町２２９","4.4","427.0","34.9896989","135.7605558","ChIJtU9Q9a8IAWARwIvyuKVm_wU"
"254","松葉家旅館","京都市下京区上珠数屋町 通東洞院西入","4.6","356.0","34.9922222","135.7608333","ChIJoSAKJ6UIAWARV2r-8-MLfIc"
"255","K's House Kyoto - Backpackers Hostel","京都市下京区納屋町４２１","4.5","1462.0","34.989786","135.7648534","ChIJJQML4bAIAWARftLKAhi1sTc"
"256","さと茂旅館","京都市下京区 西入東塩小路町579","3.8","109.0","34.9877522","135.7581524","ChIJa93Qaq8IAWARTCEbpHtowUc"
"257","和泉屋旅館","京都市下京区丸屋町１２２","3.7","131.0","34.9908234","135.7533933","ChIJ3wDVNacIAWARsJc8q3tQmx4"
"258","憩の家","京都市下京区 六条通新町東入艮町885","3.7","99.0","34.994033","135.757046","ChIJ593d3qMIAWARXQ3gnIvVAv8"
"259","ヴィラージュ京都","京都市中京区壬生坊城町5","4.2","886.0","35.0039586","135.7474676","ChIJd_T9KikGAWARmznVqIsZK7U"
"260","十四春旅館","京都市下京区弁財天町３２６ 諏訪町通, 松原下る","4.9","164.0","34.998421","135.758695","ChIJRdFdhZgIAWARMTDCQTFusxM"
"261","ゲストイン ちた","京都市下京区高槻町３４３ ＧＵＥＳＴ ＩＮＮ ちた 花屋町下 不明門通上珠数屋町上る","4.6","91.0","34.9925798","135.7601913","ChIJd3JVk6QIAWARa3TS6zi-eGk"
"262","旅館 日本館","京都市下京区東塩小路町６９６−１","4.2","215.0","34.988738","135.7581693","ChIJz5NWYK8IAWAR4EOBgNkBOw0"
"263","東横INN京都四条烏丸","京都市下京区長刀鉾町２８ 四条通烏丸東入ル","3.9","1131.0","35.003961","135.760763","ChIJQxDaEJoIAWARdoX9zJOPTvg"
"264","だいや旅館","京都市下京区飴屋町２９２","3.8","182.0","34.9904604","135.7612201","ChIJMTFIz6AIAWAReVwfK4ycuPc"
"265","ダイワロイネットホテル 京都四条烏丸","京都市下京区烏丸通仏光寺下ル 大政所町６７８","4.1","1592.0","35.000862","135.7599101","ChIJF7FjtZsIAWARFNgoQp2RycA"
"266","京町家旅館さくら・本願寺","京都市下京区仏具屋町２２８−２","4.5","215.0","34.992072","135.7538879","ChIJq6re3KAIAWARIUNE6xUYwFA"
"267","料理旅宿 井筒安","京都市下京区笹屋町２７２ 東洞院通下珠数屋町上る","4.7","131.0","34.9908435","135.7612863","ChIJo0zWTaUIAWARI3QbpQwia-I"
"268","わじまや旅館","京都市下京区高槻町３３８ 339 上珠数屋町通烏丸東入 上珠数屋町通不明門東入","4.4","44.0","34.99235649999999","135.7605145","ChIJUy_R3aQIAWAR3WrmDT76tDo"
"269","三井ガーデンホテル京都四条","京都市下京区妙伝寺町７０７−１ 西洞院通四条下ル","4.1","2304.0","35.0029696","135.7550375","ChIJS-R5-64IAWARSH31yfRBT2k"
"270","リバーサイド高瀬（京花旅館別館）","京都市下京区聖真子町１７２−１ Kaminokuchi-agaru Shoshinji-cho 172-1 木屋町通上ノ口上る","3.8","62.0","34.9933072","135.7657327","ChIJG5ffI7oIAWARbisrRrCutt0"
"271","栞庵(SHIORI ANN)","京都市下京区鍵屋町３３９","4.3","239.0","34.994889","135.7591171","ChIJYRpcoKMIAWARyLB1SkNeMK4"
"272","スマイルホテル京都四条","京都市下京区傘鉾町59・61 四条西洞院西入ル","4.0","1123.0","35.0033408","135.7546228","ChIJz7Ba4pwIAWAR7ADf6L0utqg"
"273","東横INN京都五条烏丸","京都市下京区五条烏丸町３９３ 烏丸通松原下る","3.9","808.0","34.99862900000001","135.759408","ChIJ9WCFuCEGAWARx85ZpBlkCPA"
"274","旅館 あづまや","京都市下京区下京区 堀川通七条上西本願寺前","3.8","221.0","34.99066799999999","135.7534075","ChIJW0kAN6cIAWARlZX_rRX1mQ8"
"275","ホテル日航プリンセス京都","京都市下京区高橋町６３０","4.2","1987.0","35.0004409","135.7607713","ChIJPevBIJgIAWARCUKU4xqZMB8"
"276","京都ゲストハウス お宿 敬","京都市下京区雁金町４１５−１ 岩上通仏光寺上る","4.6","20.0","35.001602","135.7511704","ChIJkbaNmScGAWART1MEMrb-sPw"
"277","The 別荘 そそ【京都の貸切宿】","京都市下京区若宮町４６５ ｜ 京都 / 宿 ｜","4.8","33.0","34.99310559999999","135.7637826","ChIJtRrL-boIAWARwsS2ytIQrsw"
"278","Le studio Gojo takakura","五条高倉上る, 165-2 亀屋町, 下京区 京都市","4.4","119.0","34.9967279","135.7625737","ChIJWT2Zw7wIAWAR8ZIIK5VziRQ"
"279","花籠京都","京都市下京区平岡町３８３","5.0","6.0","34.99211939999999","135.7665862","ChIJ8QIaUrcIAWARC2GvhXEN3q8"
"280","旅館 中島家","京都市下京区西前町３６９","4.3","45.0","35.00177900000001","135.762455","ChIJkYXXnZcIAWAR0Pp5O1DXfC0"
"281","中国料理 翡翠苑／ホテル日航プリンセス京都","京都市下京区高橋町630番地 2F 烏丸高辻東入","4.2","81.0","35.0004604","135.760628","ChIJF7FjtZsIAWARuvZsJHt5WZQ"
"282","旅館 京らく Ryokan Kyoraku","京都市下京区粉川町２３１ 不明門通七条上る","4.7","84.0","34.989765","135.760412","ChIJd4Gpiq8IAWAR3tpTgFJLO7k"
"283","なごみ旅館 悠","京都市下京区上若宮町94","3.8","174.0","34.99420200000001","135.7557977","ChIJU63wdKEIAWARO6_rPxFutpc"
"284","京いすけ","京都市中京区百足屋町３７８−３","4.9","73.0","35.0058577","135.7570858","ChIJoSNGUZsIAWAR0dVqn7qR73I"
"285","京都 旅館 緑風荘","京都市下京区金屋町４９０ 西洞院通り 六条上ル","4.5","381.0","34.9945107","135.7554024","ChIJ_9VspKEIAWAR7oXd_pwPYBA"
"286","柚子屋旅館","京都市東山区祇園町南側５４５","4.4","423.0","35.00324820000001","135.7774398","ChIJ_dhKc8MIAWARimbbfyHhqBQ"
"287","京都旅館平新","京都市中京区泉正寺町３１４","3.5","218.0","35.0059553","135.7616017","ChIJc0w9gJoIAWARSLJC9GjFqu4"
"288","近又","京都市中京区大日町４０７","4.5","284.0","35.00472920000001","135.7662947","ChIJf4KvoZYIAWAR0Yuis7LNO2Y"
"289","サンチャゴゲストハウス京都店","京都市東山区遊行前町6−５０３","3.9","546.0","34.99448189999999","135.7758114","ChIJYZTU1M4IAWARdm8kiOs18iU"
"290","五条 ゲストハウス","京都市東山区五条橋東３丁目３９６−２","4.5","240.0","34.995359","135.7722294","ChIJSQ2v4McIAWARRj-mIv3IZ1U"
"291","祇をん新門荘","京都市東山区中之町二丁目２４３ 祇をん新門荘 地下 新門前通り大和大路東入二丁目中之町 243番地 新門前通大和大路東入","4.1","213.0","35.0064571","135.7751889","ChIJ682-F-oIAWARYS8LIvTE3ec"
"292","ゲストハウス宮川町花かんざし","京都市東山区西御門町 御門町４６２","4.2","103.0","34.9978967","135.7703365","ChIJ_5OJvLgIAWAR4dAheV4nSq4"
"293","ＫＩＺＡＳＨＩ ＴＨＥ ＳＵＩＴＥ","京都市東山区 祇園町北側275 くろちくビル 3F・4F","3.9","67.0","35.0040808","135.7758234","ChIJW4kdiMEIAWARyR-BDZdOuIQ"
"294","旅館こうろ","京都市中京区堀之上町１１４","4.0","286.0","35.0075737","135.7634009","ChIJ3UJUT5AIAWARvNskrarDSdw"
"295","金波樓","京都市中京区瀬戸屋町４６７ 錦小路下ル","3.9","185.0","35.0044983","135.7642634","ChIJtfozjyoGAWARCBgIc2T1ap8"
"296","アメニティーホテル京都","京都市東山区清水４丁目１７１","3.6","109.0","34.997288","135.77707","ChIJM0NfYM8IAWARz8ilf1EJ0X4"
"297","旅館 うえむら","京都市東山区下河原町石塀小路 463","4.4","56.0","35.0002233","135.7794431","ChIJ9ePDIsUIAWARk_Ex3-Y8KOk"
"298","晴鴨楼","京都市東山区西橘町４６７−２ 三丁目西橘町４６７ 問屋町通五条下ル","4.8","314.0","34.9945667","135.7685389","ChIJiUNMy7kIAWARTOfJAIq0TFc"
"299","京町家の宿 東山 不頼庵","京都市東山区弓矢町６７−１６","4.4","10.0","34.99839439999999","135.7733243","ChIJRT7sAscIAWARgVZzfy-yIUk"
"300","祇園旅館 休兵衛 Gion Ryokan Q-beh","京都市東山区鷲尾町５０５−３","4.5","326.0","35.0014481","135.7794472","ChIJfbK228QIAWARyfSAMLiZijo"
"301","京の宿 祇園佐の","京都市東山区鷲尾町５０４","4.8","141.0","35.0016778","135.7793108","ChIJ7aTiv8QIAWARZJr3HVmE_Kk"
"302","ぴーすはうす桜","京都市東山区門脇町１８８−１","3.7","193.0","34.9958225","135.7733206","ChIJodwP1ccIAWARKtAwVUB0zmo"
"303","The Westin Miyako Kyoto","粟田口華頂町 JP 605-0052, Keage Sanjo, Higashiyaman-Ku","4.3","3933.0","35.0081281","135.7874855","ChIJN1AzAd8IAWAR2hJ9wcsW4TE"
"304","旅館 元奈古","京都市東山区 高台寺ねねの道鷲尾町５１１","4.7","126.0","35.00147109999999","135.7797813","ChIJocMqxcQIAWAR6U3NLJaxDVs"
"305","山茂登旅館","京都市東山区五条橋東３丁目","4.3","49.0","34.9952463","135.7728513","ChIJVVWSn-sIAWARzk3gyQ1Op0g"
"306","ペンション祇園","京都市東山区小松町５６２","3.8","12.0","35.0004117","135.7752995","ChIJI-P4dpwIAWARma9CnoyZHrQ"
"307","純和風料理旅館 き乃ゑ kinoe Kyoto japanese ryokan","京都市東山区毘沙門町44−８","4.1","204.0","35.0007335","135.7772087","ChIJOciaQcQIAWAR9rzwJzsdKZk"
"308","京都東山荘","京都市東山区清水４丁目１５９","4.3","157.0","34.9972194","135.7789692","ChIJ_0cSls8IAWAR1p1MQGqmf-I"
"309","Four Seasons Hotel Kyoto","京都市東山区妙法院前側町４４５−３","4.4","1678.0","34.9906846","135.776123","ChIJXRfz8csIAWAR7R3vbOxO6J4"
"310","ゲストハウス ソイ","京都市東山区下馬町５０９−２","4.8","437.0","34.99173580000001","135.7776033","ChIJd0JqT8wIAWARNwxWSY0uzD4"
"311","町家 長や 茶わん坂","京都市東山区五条橋東６丁目５８３−５１","4.3","7.0","34.9951818","135.7799439","ChIJy9_YGc4IAWARudNJ4-8z_bA"
"312","料理旅館 花楽","京都市東山区祇園町南側４９９","4.0","209.0","35.0019564","135.7791938","ChIJlwfTlcQIAWARHudDSePNJuE"
"313","知恩院 和順会館","京都市東山区林下町４００−２","4.4","340.0","35.0045761","135.7803825","ChIJuYNCQdwIAWARPGya7grJfqo"
"314","花喜屋","京都市東山区五条橋東６丁目５８３−１０１","4.6","42.0","34.9955984","135.7795041","ChIJcV3UC8YIAWARWsNEscFsSVg"
"315","町家 清水五条 墨継ぐ","京都市東山区五条橋東２丁目３２−１４","4.7","16.0","34.9956376","135.7715905","ChIJIUy38ccIAWARoOvYLVgUSmM"
"316","坂の上","京都市東山区祇園 下河原鷲尾町502","4.3","111.0","35.0016837","135.7790577","ChIJ07SaGcIIAWAR7JH5Q_uySkk"
"317","ゲストハウス 閑話堂","京都市山科区日ノ岡一切経谷町２６","4.6","5.0","35.0062575","135.7939671","ChIJyXaRSEUIAWARAVDuw43yy7c"
"318","KIRIHA INN / きりはイン","京都市東山区東山区 東大路渋谷上る常盤町459-15","4.7","78.0","34.992616","135.7753256","ChIJB9pQUMkIAWARqdBP60dcQxM"
"319","金閣荘","京都市山科区御陵黒岩","3.4","46.0","34.9997662","135.8019728","ChIJIZYM1cwOAWARwqBP8NN2DS4"
"320","京の宿 千鶴別邸","京都市東山区清閑寺霊山町5−２１","3.2","9.0","34.9978539","135.7836477","ChIJ_zt2cKkJAWARW-j2B7AlGAg"
"321","ゲストハウス田中家","京都市東山区宮川筋５丁目３５２−８ Ｇｕｅｓｔｈｏｕｓｅ ＴＡＮＡＫＡ－ｙａ","4.6","55.0","34.99895999999999","135.7711","ChIJy9S-VccIAWAR5TW8h_zlu0k"
"322","ギオン福住","京都市東山区林下町４３７","4.1","244.0","35.0053683","135.7774357","ChIJZzuAQsIIAWARho7ZUxRAQ3Q"
"323","新道あやめ庵","京都市東山区宮川筋８丁目４１４−１","4.6","11.0","34.9965239","135.7692294","ChIJPRCR-rgIAWARB9iFf8Jiq2s"
"324","宿や 萬治郎","京都市東山区清水２丁目２０８−１７","4.9","43.0","34.9968902","135.7805597","ChIJ7Zap1c8IAWARm43h9nJPH5E"
"325","鶴清","京都市下京区下材木町４５１ 五条上ル","4.0","274.0","34.9967572","135.7678434","ChIJj5YcPLkIAWARl0_Gb8J-CFM"
"326","旅館 田舎亭","京都市東山区祇園下河原石塀小路 ４６３","4.6","45.0","35.0004187","135.7791611","ChIJB1aZxO0HAWAR7F_g0Jc-z9g"
"327","プチメゾン五条","京都市東山区田中町５０４−１７ プチメゾン五条","4.5","2.0","34.99632709999999","135.7696394","ChIJAQDB9bgIAWARxvuKpBhUiWE"
"328","町家 つき草庵","京都市東山区西御門町４４０−８","4.7","10.0","34.9984072","135.7708796","ChIJT_3WrrgIAWARZToZOy7Muhk"
"329","清水びろうど庵","京都市東山区下河原町４７８−４","4.9","9.0","35.0001523","135.7790811","ChIJn5oFeFkJAWARC0zNAHuVAnQ"
"330","京料理 田鶴","京都市下京区美濃屋町１７９−３","4.0","196.0","34.9994804","135.7686907","ChIJ4_9jHr8IAWARf7e-qRSbhfM"
"331","Stay SAKURA Kyoto 清水五条","京都市東山区小島町５８３−２","4.6","96.0","34.9963926","135.7764951","ChIJH70eR88IAWARikeOwO1y5sM"
"332","ホテルささりんどう","京都市東山区祇園町南側南側５７０−１０２ Hotel ささりんどう","4.0","353.0","35.0031958","135.7737686","ChIJ-9_C9sMIAWAR9-17NnduubU"
"333","石塀小路 龍吟-RYUGIN-","京都市東山区下河原町４６３−１２ 石塀小路龍吟","4.6","16.0","35.0008718","135.7793516","ChIJ2WW14MQIAWARVJ7U9qn9ybE"
"334","町屋 もみじ","京都市東山区門脇町１８２−３ 大和大路通五条上ル","5.0","2.0","34.9959547","135.7730388","ChIJi2x10ccIAWARL3LJ7M2wkYs"
"335","アパホテル〈京都祇園〉EXCELLENT","京都市東山区祇園町南側555番地","3.8","1840.0","35.00366930000001","135.7761843","ChIJ5dqk08MIAWARA-piDT7IzR4"
"336","ホテル長楽館","京都市東山区円山町６０４ 八坂鳥居前東入","4.5","923.0","35.003086","135.7802522","ChIJx2qHp8QIAWAR3Q0obr41IPI"
"337","Miro美盧 松原高瀬川邸","京都市下京区材木町423番地2","4.1","8.0","34.99880499999999","135.7683535","ChIJH4mTspQIAWARSrDmgtfMmss"
"338","Rinn Hostel Miyagawacho（Rinnホステル 宮川町）","京都市東山区宮川筋３丁目２９１−５","4.3","15.0","35.0004284","135.7708615","ChIJtTmRY78IAWAREHt2Q93LFh0"
"339","ホテル と、いうわけで。","京都市東山区宮川筋２５９","3.4","39.0","35.0012734","135.7712987","ChIJbWU7gcAIAWARTA12cIs4yIM"
"340","ホテルリバージュ","京都市東山区毘沙門町四丁目 東大路松原上る 4丁目４４−５０ ＨＯＴＥＬ ＲＩＶＡＧＥ 東大路松原上 東大路松原上る","3.2","13.0","35.000071","135.776357","ChIJ57vJJMQIAWART3Yxk0xCP-k"
"341","京町家一棟貸し梅ノ戸庵 三条御陵","京都市山科区御陵大津畑町５３−７","3.8","5.0","34.98997159999999","135.8123055","ChIJN7na674OAWARCier0y70fcw"
"342","HINA ( Kyoto Misasagi stationTraditional Entire House) 京都 山科御陵駅すぐ 宿 旅館 民泊 ひな）","京都市山科区御陵鴨戸町５１−１","4.6","11.0","34.9955937","135.8024575","ChIJLbmRgs4OAWARdoSccgv7bmg"
"343","インサイトコート山科","京都市山科区御陵天徳町２１−１","4.1","8.0","34.9919091","135.8121542","ChIJZ0p_oqQPAWAR81eqjrGJ0jk"
"344","金--別館","京都市山科区御陵大津畑町３８−１","","","34.9909675","135.8135726","ChIJrTsRPX4PAWARnweboXYh0pw"
"345","谷町君山科家","京都市山科区御陵原西町１０−９","5.0","6.0","34.9955977","135.8032492","ChIJc4Py1yUPAWARxz-Ppskb_V4"
"346","COCORO ( Kyoto Misasagi stationTraditional Entire House) 京都 山科御陵駅すぐ 宿 旅館 民泊 こころ）","京都市山科区御陵鴨戸町５１−１","4.8","9.0","34.9956305","135.8024046","ChIJ_c9IBmcPAWAR9IVL79qx1XQ"
"347","シェアハウス七鈴","京都市山科区上野御所ノ内町9−１５","","","34.9915962","135.815768","ChIJ91TdSIQPAWAR_HIqRc3CbdI"
"348","Guest House Kyoto-Yamashina","京都市山科区竹鼻竹ノ街道町６５ ６５－１－２","5.0","4.0","34.990717","135.8158598","ChIJCVVb6uYPAWARdClInorwtg0"
"349","COCORO HOTEL KYOTO","京都市山科区御陵鴨戸町５５","4.5","23.0","34.9959471","135.8016961","ChIJlTM2WvwPAWAR9NAz-00Q9vE"
"350","(株)ケン・ホテルマネジメント京都","京都市山科区安朱桟敷町２３−２３ 23番地","","","34.99140559999999","135.8167402","ChIJPzziUjEPAWARlGr_PdbmKiY"
"351","京都山科 ホテル山楽","京都市山科区安朱桟敷町２３−２３ 23番地","4.3","458.0","34.99140559999999","135.8167402","ChIJfUA5pV0PAWAROhaM8NZ2bqE"
"352","Jacky's House","京都市山科区竹鼻立原町２４−１２","5.0","2.0","34.98874189999999","135.8192432","ChIJkzpnbAkPAWARk8kFcPhAF4w"
"353","カーサ―坂脇","京都市山科区日ノ岡坂脇町３２","1.0","5.0","34.9963096","135.797381","ChIJr4lVffQPAWAR1uhASi8t52E"
"354","源ヴィラ 京都日ノ岡","京都市山科区日ノ岡朝田町３０−１１ 源ヴィラ","","","34.9971234","135.7969679","ChIJJZwRgFYPAWAR7eolzHjZi_o"
"355","みのり荘","京都市山科区竹鼻扇町４４−２","","","34.9888244","135.8210617","ChIJexFpSCsPAWARj4QW1iD_MxQ"
"356","山科ゲストハウス","京都市山科区北花山山田町７９−１","5.0","1.0","34.9986048","135.794366","ChIJHWvcimUJAWAR1N-cTEBE5Nc"
"357","ゲストハウス 舞妓","京都市山科区四ノ宮岩久保町１０−７ 10番地7","","","34.9916539","135.8252575","ChIJScU1xdEPAWARRqUA8qDYKn0"
"358","Come on UP Share house Yamashina - カモンアップ 山科シェアハウス","京都市山科区音羽前田町１−７","4.3","6.0","34.9864152","135.8257234","ChIJXZA8iPEPAWARkUR-8iocq14"
"359","京の宿 月光庵","京都市中京区西ノ京西月光町１８−２０","5.0","60.0","35.0093978","135.7371542","ChIJl9PS7csHAWARjsL9JuR0Zuk"
"360","平安宮内裏の宿","京都市上京区東神明町２９７−１ ２９７−１","4.4","43.0","35.02097550000001","135.7441216","ChIJDdERFNsHAWARmA7Rw9tcfEE"
"361","ゲストハウス円町家","京都市中京区西ノ京中保町９２","3.9","8.0","35.020729","135.732212","ChIJqT_o678HAWARYYdWZucQiG8"
"362","二条椿や","京都市中京区西ノ京池ノ内町１６−２０ 京燃ガレージ","4.5","6.0","35.0105324","135.7464816","ChIJVYfUTtMHAWARx4EB6EPX-yA"
"363","ANA Crowne Plaza Kyoto by IHG","Nijojo-Mae, Horikawa-Dori, 中京区 京都市","4.0","2682.0","35.0140901","135.7491371","ChIJbWJTDoAIAWARCJAJWDq832o"
"364","ゲストハウス 二条庵","京都市中京区聚楽廻東町３１−９","4.5","4.0","35.0191027","135.7416004","ChIJnZ8B38QHAWARuFSdwECnJl8"
"365","ウサギノネドコ京都店","京都市中京区西ノ京南原町３７","4.2","322.0","35.0108633","135.7338086","ChIJcWKZzckHAWARg4cx-SWu9FY"
"366","Stay SAKURA Kyoto 二条城西Ⅰ","京都市中京区聚楽廻中町５１番地１０","4.3","12.0","35.0166941","135.7411349","ChIJDQvZY8UHAWARMn3QC3XIJ5w"
"367","Miro Kyoto Nijo Hotel","２０-1 西ノ京勧学院町, 中京区 京都市","4.2","200.0","35.00899899999999","135.7444649","ChIJD06WLS0GAWARlp2PInqRjUk"
"368","弁天庵","京都市上京区弁天町305番地9","4.5","4.0","35.0219045","135.7437728","ChIJXTj9XdsHAWARtEROZEAIpm4"
"369","Stay SAKURA Kyoto 朱雀大路","京都市中京区壬生朱雀町２５−１３","4.3","53.0","35.007676","135.7427053","ChIJ__9bWS0GAWARBhrk5LLDui8"
"370","二条ききょう亭","京都市中京区聚楽廻南町３１−３","5.0","3.0","35.014279","135.743138","ChIJPSvh3NEHAWARzK6gvl8hTdg"
"371","ゲストハウス ハナレイ","京都市上京区下横町２０２−３","","","35.023845","135.7337508","ChIJrb2d2uoHAWAR9fY0JbbTTio"
"372","故郷の家","京都市右京区太秦森ケ東町２９−１０","3.6","10.0","35.0145219","135.7161672","ChIJSYrshJ8HAWARW5bPjVj12gI"
"373","ろうじ屋 rental cycle, motorcycle ROUJIYA","京都市中京区西ノ京池ノ内町22−５８","4.3","109.0","35.0092174","135.7453095","ChIJUTRI0SwGAWAR-DGqGZYlUCc"
"374","京宿日和 聚楽","京都市中京区聚楽廻中町４１−５","4.8","5.0","35.018123","135.741287","ChIJZw_-FsUHAWAR7ZqxLog41Aw"
"375","リジョイスステイ 京都二条城南","京都市中京区西ノ京池ノ内町１９−８ リジョイスステイ京都二条城南","4.6","20.0","35.0108268","135.7459918","ChIJU1H3PtMHAWARMtqYG9odfiU"
"376","ナンバー ６ 二条","京都市中京区西ノ京池ノ内町１６−５","4.7","35.0","35.010826","135.74667","ChIJAQAURdMHAWARtoWRXJ_ONas"
"377","朱雀 ききょう庵","京都市中京区西ノ京西月光町１８−８","4.6","8.0","35.0095098","135.7369097","ChIJecRF6csHAWARLK5cNxlEguQ"
"378","柏 二条城","京都市中京区 Kyoto 京都市中京区西ノ京池之内町 20番地31","","","35.01033359999999","135.7455004","ChIJq6ofJdMHAWARNhgUfqNE8R8"
"379","ART IN HOTEL SUMAU","京都市中京区西ノ京南聖町６−５","","","35.00935","135.74393","ChIJU8AbydIHAWARu4NG6wa0HKg"
"380","Senmaru Vacation Rental","京都市上京区小山町887番地 京都市上京区丸太町通千本東入","","","35.019279","135.7423404","ChIJ8Z0EKsUHAWARd_ToblEgJNQ"
"381","Ken House Kyoto","京都市中京区壬生御所ノ内町10‐14","4.5","6.0","35.00588399999999","135.743871","ChIJ3SXhvS0GAWARh_GBTiLe3gw"
"382","RAKUTOKO 桜","京都市中京区西ノ京船塚町１２−２７","4.4","10.0","35.01176149999999","135.7371619","ChIJNeDROskHAWARF-9Dm72mkxM"
"383","Guest House Oumi 近江","京都市中京区西ノ京永本町１９−１１","4.6","159.0","35.0119193","135.738874","ChIJk20mvM4HAWARxzLquc2Fbew"
"384","雲町屋 小星 KumoMachiya KOBOSHI","京都市中京区西ノ京星池町１７−１４","4.4","8.0","35.0129131","135.7405091","ChIJ54GnYM4HAWARuZpUmximYNo"
"385","桂倶楽部","京都市北区大将軍東鷹司町３８","4.8","4.0","35.022876","135.730089","ChIJHVrgTZQHAWARzAFeXiRMXss"
"386","Guesthouse ""Ogawatei""","京都市右京区 26 Hanazono Imachi","4.2","9.0","35.0199938","135.7185521","ChIJO769BZwHAWAR_MfvPcXIuTY"
"387","二条じゅらく庵","京都市中京区聚楽廻松下町１１−３１","3.8","4.0","35.0196296","135.7387011","ChIJQYJHCcQHAWAR5Hqw4azNgiU"
"388","アーバンホテル京都二条プレミアム","京都市中京区聚楽廻南町２５−５","4.1","1560.0","35.0151662","135.7421578","ChIJxcG-0c8HAWAR4sL--wKR4u4"
"389","雲町屋 小楽 KumoMachiya KORAKU","京都市中京区聚楽廻南町３０−５","5.0","1.0","35.0145227","135.7433906","ChIJrSvpw9EHAWARBtF2KzPFkOE"
"390","蔵や 千本三条","京都市中京区西ノ京南聖町２１−１５ 中京","4.8","6.0","35.0088855","135.7435483","ChIJwYGItNIHAWARK8fLV7g0tVo"
"391","福家・四季二条","京都市中京区聚楽廻西町１６３−１３","4.5","4.0","35.019707","135.740962","ChIJn78Z7cQHAWARhgVSBOAJJmQ"
"392","千本丸太町ゲストハウス","京都市上京区小山町８７１","5.0","4.0","35.0186046","135.7427499","ChIJ04Rzy9oHAWARPf3C7jh4ko4"
"393","千松庵","京都市上京区上京区中務町４９０−５１","4.3","12.0","35.018985","135.744002","ChIJC5bPlNoHAWARRfPPPY56jK8"
"394","スズキゲストハウス","京都市上京区主税町上京区主税町９８６","4.8","115.0","35.017619","135.7451624","ChIJTVAJidAHAWARBqIM5gORlSI"
"395","二条有楽庵","京都市中京区西ノ京池ノ内町２７−３","4.8","6.0","35.010389","135.746891","ChIJ8UR_TdMHAWARcvh_sjiaWDg"
"396","一栗邸","京都市中京区瓦師町６４","4.9","9.0","35.008916","135.7474563","ChIJ25jLnSwGAWARE6tPw5EB7UA"
"397","御泊処「京町家 二条城庵」","京都市上京区四町目８０２−６３","4.7","3.0","35.0161996","135.7474991","ChIJuSE1rXgIAWARil_hqHLwP_c"
"398","花園会館","京都市右京区花園木辻北町１−５","3.9","544.0","35.021323","135.722075","ChIJLVDQJZoHAWAR3r4anfg6UJ4"
"399","ホテル レジェンドプラス","京都市北区北野上白梅町６２−１","3.3","15.0","35.0277974","135.7320015","ChIJx7cwIJMHAWAR-X1cAQHnCPs"
"400","京町家の宿 出水町家","京都市上京区下丸屋町512 番地","4.6","7.0","35.019858","135.74581","ChIJN-c_QtoHAWAR80QrGthty0U"
"401","Shiki Homes | NENE 音々","京都市上京区 ９４ 94 百万遍町 上京区","4.5","11.0","35.02359349999999","135.7428712","ChIJJyHM09wHAWARS0Yzq5WlmYw"
"402","京町屋ゲストハウス まくや","京都市上京区稲葉町４４２−５","4.6","50.0","35.0202457","135.7417115","ChIJQ2vYvsQHAWARY7PbCs6ARk4"
"403","ホテルモントレ京都","京都市中京区饅頭屋町６０４ 烏丸通三条下ル","4.1","3083.0","35.0078486","135.7594248","ChIJEdzLq-0GAWARfUpevjWDfcE"
"404","ハートンホテル京都","京都市中京区船屋町４０５ ハートンホテル京都 1F","4.0","1772.0","35.0116946","135.7609035","ChIJlakf5IUIAWARRkz_eK81n2E"
"405","NISHIYAMA RYOKAN","京都市中京区山本町４３３","4.6","240.0","35.013105","135.766303","ChIJaaPzJ4wIAWARpNHs1WVqmTc"
"406","京都ブライトンホテル","京都市上京区仕丁町３３０","4.4","2912.0","35.0243557","135.7557497","ChIJSdpNdnQIAWARDdhcmpKx0ec"
"407","ホテルオークラ京都","京都市中京区 河原町御池","4.3","4845.0","35.01184819999999","135.7694265","ChIJLS3WZJIIAWARqQv8aoODVqs"
"408","松井別館 花かんざし Matsui Bekkan Hanakanzashi","京都市中京区堀之上町１２６ 高倉東入","4.2","260.0","35.007479","135.7627743","ChIJZwoDQJAIAWARKXhAcOYyGQ0"
"409","シティーペンション トミーリッチイン京都","京都市中京区福長町１０９−２ シティペンショントミーリッチイン京都 富小路通三条上る","3.7","43.0","35.0093254","135.7648575","ChIJ8ywE3JEIAWARLSie0fhSHUY"
"410","ホテル本能寺","京都市中京区下本能寺前町５２２","4.1","226.0","35.0105831","135.7683275","ChIJg4LAZJIIAWAR846tP-P5HGo"
"411","三井ガーデンホテル京都新町 別邸","京都市中京区六角町３６１ 三井ガーデンホテル京都新町別邸 1F","4.4","1281.0","35.0066241","135.7570223","ChIJq6q2oIQIAWAR_ZgZSn5Gq-A"
"412","京都ガーデンパレス","京都市上京区龍前町６０５ 烏丸通下長者町上る","3.9","1025.0","35.0231082","135.7587854","ChIJq6qqfXoIAWARi3onu4jkG6k"
"413","ホテル杉長","京都市中京区守山町１７２ 富小路通御池上る","4.1","265.0","35.0117068","135.7651829","ChIJ-QrMYI4IAWARn3M5GUqaXZY"
"414","松井本館 MATSUI HONKAN","京都市中京区井筒屋町 柳馬場六角下ル","4.4","356.0","35.0069952","135.7642089","ChIJVVXFAJEIAWARsAJgWqTpmN4"
"415","Grace Villa Nijo-jo castle","京都市中京区宮木町４６０ 姉小路通小川西入ル","4.4","46.0","35.00982259999999","135.7539556","ChIJqWEamoEIAWARqyQxVUbHFqI"
"416","吉川","京都市中京区下ル 富小路通り","4.5","368.0","35.0103292","135.7647581","ChIJIXGXO44IAWARt7tPxA-jGag"
"417","ゲストハウスhannari","京都市上京区櫛笥町６９３ 693番地 日暮通下立売下る","4.3","81.0","35.01975290000001","135.7476902","ChIJ3Syq_tkHAWARceVpnWr7-e0"
"418","旅館三賀 【中京区店】","京都市中京区中之町 富小路通三条下ル","3.8","90.0","35.008444","135.7650636","ChIJaTxNvpEIAWARVjHkyhzzWzE"
"419","日昇別荘","京都市中京区中之町１３ 富小路西入る","3.8","176.0","35.008473","135.7647169","ChIJE3p9x5EIAWARQeFb5vQ5efE"
"420","要庵西富家","京都市中京区骨屋之町５６２","4.7","87.0","35.0066265","135.7647797","ChIJ06EAXoMIAWARJSzSIXIrZtU"
"421","Hostel MUNDO (月土)","京都市上京区天秤町５９６","3.7","104.0","35.0204225","135.7478737","ChIJJS6N8dkHAWARIEN2Ey1ENbE"
"422","からすま京都ホテル","京都市下京区からすま 京都ホテル 烏丸通り四条下ル","3.9","2204.0","35.0019147","135.7592402","ChIJJZA8nJkIAWAR7LtIJBnqbA4"
"423","ホテルビスタプレミオ京都［河原町通］","京都市中京区松ケ枝町４５７ ホテルビスタプレミオ京都河原町通 河原町通六角西入ル","4.3","734.0","35.0079208","135.7682044","ChIJh-aPopMIAWARiHVjSN-Qz8g"
"424","ヴィアイン京都四条室町","京都市中京区山伏山町５５１−２","3.9","1028.0","35.005569","135.7578909","ChIJMw2jRpsIAWARBe0_OM5UH6A"
"425","EN HOTEL Kyoto（エンホテル京都）","京都市下京区妙伝寺町６９８ 西洞院通四条下る","3.5","794.0","35.00316489999999","135.7556246","ChIJWaGwJR8JAWAR0fdjZzIG3FA"
"426","京町家の宿 豊園 くれない庵","京都市下京区神明町７２２−４","4.3","12.0","35.002799","135.761696","ChIJD-stX5cIAWAR3SHHDnvFqWA"
"427","THE SCREEN","京都市中京区下御霊前町６４０−１","4.3","202.0","35.01703320000001","135.7670656","ChIJXbfSzYsIAWARSAnTLGqonms"
"428","ホテル グラン・エムズ京都","京都市中京区下丸屋町４１０−３","4.1","1350.0","35.0097889","135.7685778","ChIJmbFfV9oHAWARXNNOI9J5Lps"
"429","City88 (一条IVY Ichijyo-IVY)","京都市上京区福大明神町１０９","4.1","47.0","35.0261336","135.7513715","ChIJ-5fPT98HAWARN_j1jtno-0o"
"430","ゲストハウス京都 みかさ","京都市中京区津軽町７８２−６ 釜座御池下ル","5.0","8.0","35.0098573","135.7555835","ChIJkfc9YIEIAWARlEmFoqmmAqg"
"431","旅庵花月","京都市中京区滕屋町１９１ 六角通東洞院東入","4.0","231.0","35.0075303","135.7616283","ChIJZVSZB5AIAWARCxL-S5IIw-I"
"432","ザ ロイヤルパークホテル 京都三条","京都市中京区中島町７４","4.3","1479.0","35.0089996","135.7695068","ChIJf6jVFpMIAWARpsdyUf-86CQ"
"433","ホテルマイステイズ京都四条","京都市下京区傘鉾町５２ 1F 四条通油小路東入ル","4.2","1910.0","35.0039263","135.7546146","ChIJ7VPD35wIAWAR-9VNK7vqn6g"
"434","川嶋旅館","京都市下京区綾材木町２０７−２","4.2","63.0","35.0024833","135.7637583","ChIJ--SBAJcIAWARgBuV6WxQ2_w"
"435","京都トラベラーズ・イン Kyoto Traveler's Inn","京都市左京区岡崎円勝寺町９１−２","3.6","363.0","35.01170169999999","135.7839954","ChIJRcLkHecIAWAR4bfprd3BMRM"
"436","お宿いしちょう","京都市中京区末丸町２８４","3.5","344.0","35.0156595","135.7702459","ChIJbbJhuYwIAWARne6sxiipFRI"
"437","加茂川館","京都市中京区中島町１０４","3.9","161.0","35.00908020000001","135.7709373","ChIJzY-pNZMIAWARdjMJj5IORp0"
"438","はる家 東山 | HARUYA Higashiyama","京都市東山区古川町５４２−４","4.1","116.0","35.00875499999999","135.778964","ChIJydhUfYMIAWARAKgjRUKjcAQ"
"439","Kyoto Garden Ryokan Yachiyo/Hotel 南禅寺 八千代 旅館","京都市左京区 Nanzenji Garden Ryokan Yachiyo 京都市左京区南禅寺福地町３４","4.0","485.0","35.0110176","135.7887958","ChIJP5u_6d8IAWARpfbnD_I3CbU"
"440","KKR 京都くに荘","京都市上京区河原町通 荒神口上る東入東桜町27-3","3.8","428.0","35.022033","135.7705419","ChIJq0L6CeEHAWARoyKQrKJfUjc"
"441","京都 花ホテル","京都市東山区二町目53番1号","4.3","270.0","35.0096245","135.7750535","ChIJwW3m7-sIAWARAZDvSbDp0Dw"
"442","ジャムホステル京都祇園","京都市東山区常磐町 １７０ 四条通 川端通上ル","3.6","115.0","35.00494559999999","135.7724552","ChIJZbcol-oIAWARqufr8bQNlDM"
"443","ゲストハウス 雅順","京都市東山区夷町１６５","4.7","221.0","35.0091887","135.7833321","ChIJ2yCeh90IAWARIn7JWFrH_t0"
"444","ホテル平安の森京都","京都市左京区岡崎東天王町51","3.6","1205.0","35.01715059999999","135.7895176","ChIJqeJAF-IIAWARtVg0F27vkas"
"445","吉田山荘","京都市左京区吉田下大路町５９−１","4.5","140.0","35.0228238","135.7866358","ChIJA02SQPwIAWARpKYP20HSFFE"
"446","ますや旅館","京都市左京区大菊町１４５","3.9","59.0","35.0105403","135.7741333","ChIJEcrSaewIAWARWRKZ-ESLxCA"
"447","京町家の宿 ぎおんの宿","京都市東山区西之町２３１","4.3","17.0","35.0063464","135.7742579","ChIJNbiyQ-oIAWARo-SkzSDJjN4"
"448","祇園 吉今","京都市東山区西之町２２９","4.6","180.0","35.006333","135.7740123","ChIJi_-3XOoIAWARyTUnGc-Ttmg"
"449","ゲストハウスこばこ","京都市左京区岡崎南御所町４０−１０","4.5","37.0","35.01546030000001","135.7849593","ChIJQbuyDOQIAWARxpmBonYLrgM"
"450","コミュニティーハウス神宮之杜ー岡崎","京都市左京区岡崎天王町４６","3.0","9.0","35.0154943","135.7880138","ChIJcU6ghuEIAWARpEaRCyJPbIA"
"451","料理旅館 白梅","京都市東山区末吉町７８−６","4.8","209.0","35.0052348","135.7733233","ChIJT6WKtsMIAWARYmD6J_yS2Ss"
"452","Villa法然院西","京都市左京区鹿ケ谷法然院西町20","5.0","3.0","35.0219044","135.7925885","ChIJAQAv1xwJAWAR8YGbDOvtOaM"
"453","四季々々 東山","京都市東山区八軒町４４９−２","3.7","45.0","35.0090868","135.7793772","ChIJq6r_Z-gIAWARmZEhqnH8XoI"
"454","南禅寺参道 菊水","京都市左京区南禅寺福地町３１番地","4.3","405.0","35.01045910000001","135.7892418","ChIJzSxL1XgJAWAR9VconyhwipA"
"455","旅館さわや本店","京都市左京区聖護院川原町２５","4.7","129.0","35.0183928","135.7768276","ChIJEWtcavEIAWARUbkibUnoT50"
"456","IZUTSU HOTEL KYOTO KAWARAMACHI-SANJO","京都市中京区大黒町５２ ＳＡＫＩＺＯ河原町ビル Ｂ１Ｆ 河原町通三条下る","4.2","252.0","35.0082008","135.7687784","ChIJKQUNgYMIAWAR2EnwqgiM4sA"
"457","Stay SAKURA Kyoto 祇園北","京都市左京区東門前町５２８−７","4.0","89.0","35.0107073","135.7781256","ChIJxaL_J-kIAWAR6GJTOiDcSII"
"458","Rinn Kyoto Gion Shinbashi","京都市東山区橋本町","4.6","102.0","35.0056617","135.7759446","ChIJzSyiBsIIAWARB6C2UH4XGsE"
"459","Stay SAKURA Kyoto 東山白川","京都市東山区堤町５０７","4.6","84.0","35.008392","135.7794461","ChIJQWoQFegIAWAR9w40S7dmZo8"
"460","ゲストハウス和楽庵","京都市左京区聖護院山王町１９−２","4.8","184.0","35.0175473","135.7794453","ChIJbw_0avAIAWARfJZB2mGKR0U"
"461","スーパーホテル京都・四条河原町","京都市中京区中之町５３８−１ 新京極通り四条上る","4.1","1574.0","35.0050505","135.7681371","ChIJy6W0WpQIAWARpCBNanEuT0k"
"462","ラブホテル ホテルジャルダンフルール 京都市","京都市左京区岡崎法勝寺町１−１３","3.6","25.0","35.0145704","135.7879162","ChIJc4P6oeEIAWAR-B_Kbv2hxhw"
"463","葵 閑雲庵 Aoi Suites Kan-un-an","京都市左京区南禅寺北ノ坊町１０","4.8","11.0","35.0167899","135.7957225","ChIJcQ2g3hgJAWAR1IfpNAe30sQ"
"464","葵 看月亭 Aoi Suites Kan-getsu-tei","京都市左京区南禅寺北ノ坊町","4.9","7.0","35.017084","135.795677","ChIJV8exIBkJAWARYrqMXZ7vSE8"
"465","鹿麓 席","京都市左京区鹿ケ谷寺ノ前町６１","4.6","15.0","35.0210754","135.7955016","ChIJmxufmxsJAWARH8mGQHfCuT8"
"466","三休荘町家永観堂","〒606-8433 京都府京都市左京区永観堂西町 １７, 17 永観堂西町, 左京区 京都市","4.9","7.0","35.0154042","135.7913427","ChIJlbGiSR4JAWARgAVRA8wwVBE"
"467","Hotel RokuRoku","京都市左京区鹿ケ谷西寺ノ前町２８−１","4.6","151.0","35.02007529999999","135.7921782","ChIJG3QXAR0JAWARppK30foAATY"
"468","Azukiya","京都市東山区東分木町２７２","4.8","47.0","35.0095203","135.787911","ChIJl4Z1rt8IAWARG6SrH7QSsbY"
"469","デ・ラ・ピエール","京都市左京区岡崎法勝寺町６４−１","3.8","68.0","35.01433179999999","135.7883325","ChIJn8rtuuEIAWAR3hNBOIKETSg"
"470","ゲストハウス葵中本","京都市左京区鹿ケ谷法然院西町２６","4.7","45.0","35.0222687","135.7926318","ChIJQ6ciyBwJAWAR5W3VbqWMpAo"
"471","NAGOMI","京都市左京区粟田口鳥居町３９−４","4.0","13.0","35.01034149999999","135.7869939","ChIJAQAkJd4IAWAR70cQvMTLVLA"
"472","Aoi Philosophers Path Villa","１０ Nanzenji Kitanobocho, Sakyo Ward, Kyoto","5.0","1.0","35.0167987","135.7957081","ChIJBeai3hgJAWARHnfoN4QwEok"
"473","京別邸 哲学の道","京都市左京区南禅寺北ノ坊町２９−６","","","35.0166273","135.7944008","ChIJn43G6JkJAWARcKr1PsyYaC4"
"474","清宗庵","京都市左京区鹿ケ谷宮ノ前町８２","5.0","3.0","35.0182664","135.7954185","ChIJE5ATRhkJAWARWqoy3ALcmRg"
"475","京都 白河院（日本私立学校振興・共済事業団 京都宿泊所）","京都市左京区岡崎法勝寺町１６ 白河院","4.2","168.0","35.0138901","135.7875735","ChIJAS7-B-EIAWARVpWfgLOtVkw"
"476","南禅会館","京都市左京区南禅寺福地町８６","4.2","40.0","35.01149959999999","135.7906878","ChIJAQDAEiAJAWARp1jouAG9y4A"
"477","ウェスティン都ホテル京都 数寄屋風別館 佳水園","京都市東山区三条けあげ","4.7","90.0","35.0078947","135.7882674","ChIJN1AzAd8IAWARnkEwUIBW6gY"
"478","リージェント京都","30 岡崎東天王町, 左京区 京都市","","","35.0165925","135.7911268","ChIJ992ZEh4JAWARvB__HmYQJrw"
"479","閒居 吉田や","京都市山科区日ノ岡夷谷町１７−１２","4.7","3.0","35.004515","135.7921167","ChIJzeL0gz8JAWARwt3ZcJUEH6o"
"480","Yawata","京都市山科区日ノ岡一切経谷町１５−１６","","","35.00428469999999","135.7921224","ChIJWZdAIQAJAWAR6IYuEOUwnGg"
"481","銀閣寺ハウス","京都市左京区浄土寺下南田町１４１−５","5.0","1.0","35.0238798","135.7956074","ChIJX1GSswQJAWARqMhG6tdyfGs"
"482","Teppanyaki by Japan Experience","京都市左京区鹿ケ谷上宮ノ前町２０−５","5.0","6.0","35.01912489999999","135.7917699","ChIJN33ELhwJAWARocr_jng2fjE"
"483","留釈軒 RUSHAKEN","京都市左京区岡崎法勝寺町８３","4.0","2.0","35.0145887","135.7891226","ChIJPQKDX6YJAWAREafyjlV_cQo"
"484","Uta Yomi Dori by Japan Experience","京都市左京区岡崎法勝寺町８３−１","5.0","10.0","35.0146399","135.7890162","ChIJ2TrE1zcJAWAR2TKTHxFum7c"
"485","真如堂アビタシオン","京都市左京区浄土寺真如町１６２−６","5.0","3.0","35.01985309999999","135.7913732","ChIJAQBkDB0JAWARyjj_ytN_xxc"
"486","ユリシーズ株式会社","京都市東山区今道町２６４−４ ｈａｌｅてまり京都東山","","","35.0097414","135.7876938","ChIJgzxOs98IAWARfQ7UcIL--vY"
"487","京都美築栗田ホテル","京都市左京区粟田口鳥居町２１","","","35.0099939","135.7874001","ChIJhztGY9kJAWARLArw8sDWv28"
"488","古都平安の宿 奏","京都市左京区岡崎法勝寺町１−２","4.4","261.0","35.0149663","135.787692","ChIJgYxlneEIAWARwb0mHy7Pmz0"
"489","卡纳德旅馆","京都市左京区岡崎法勝寺町","5.0","2.0","35.01497899999999","135.7876833","ChIJeQlnneEIAWARRXHUDMGuPuI"
"490","ホテルオークラ京都 岡崎別邸","京都市左京区岡崎天王町２６−６","4.3","143.0","35.0168719","135.7881247","ChIJt9dqpqYJAWARsO9ISuw_bFo"
"491","山下白川寮","京都市左京区浄土寺下南田町４９","5.0","1.0","35.024015","135.7935996","ChIJM80pawMJAWARGnRfV7JVgi0"
"492","ギャリア二条城","京都市左京区岡崎天王町２６−６","","","35.0169","135.788116","ChIJr0aXFQAJAWAR4Wh7n7S_dhw"
"493","ヌーヴェル・エポック ホテルオークラ京都 岡崎別邸","京都市左京区岡崎天王町26−６ ホテルオークラ京都岡崎別邸","4.6","16.0","35.0168995","135.7881145","ChIJSZ9NytoJAWARZ61YBqHTOT8"
"494","ホホホ座 ねどこ","京都市左京区浄土寺馬場町２−７ 2F","4.5","2.0","35.02344600000001","135.792589","ChIJzeNn3F8JAWARrOkx03mOAy0"
"495","月の香","京都市左京区浄土寺南田町６−１４","4.8","4.0","35.0263441","135.7966876","ChIJaecB6DIJAWARoC_jTi8__w0"
"496","古都の別荘京町屋銀閣別館","京都市左京区浄土寺南田町6−0−３","5.0","1.0","35.0263755","135.7966577","ChIJLc4jLXoJAWARTlbBqK7atP0"
"497","古都の別荘 京町屋銀閣","京都市左京区浄土寺南田町6−１５−２","5.0","3.0","35.02642309999999","135.7966607","ChIJz3N4QKkJAWARKW-2Yf9a6H4"
"498","ふふ 京都","京都市左京区南禅寺草川町41−４１","4.2","319.0","35.01162249999999","135.7863592","ChIJOdhOrIgJAWARwXmKMmehp7Y"
"499","ゲストハウス糸屋","京都市上京区有馬町２０２ 浄福寺通五辻下る","4.7","129.0","35.03009550000001","135.7453782","ChIJcQNt-uYHAWAR040x0-0Q-58"
"500","京紫 Kyoyukari","京都市北区紫野中柏野町３７−１４","4.6","18.0","35.03546139999999","135.7364128","ChIJRdwAvvMHAWARuKu-aiogFOE"
"501","京町家の宿 五辻庵","京都市上京区五辻町77番地 五辻通知恵光院西入","4.1","8.0","35.0308612","135.7466","ChIJp0V_LeEHAWARuOkL8659N3M"
"502","インターナショナル ゲストハウス タニハウス","京都市北区紫野大徳寺町８","3.0","96.0","35.0419759","135.7445269","ChIJa-XspfkHAWARnAi-JGLWKX4"
"503","ゲストハウス金魚家","京都市上京区歓喜町２４３","4.6","137.0","35.03448059999999","135.7454171","ChIJNZVb--QHAWARYGBdYBUcc-4"
"504","宮崎屋","京都市上京区元中之町５００","4.8","12.0","35.028612","135.7461149","ChIJR3VvQucHAWARkHeigkzniDE"
"505","西陣之郷","京都市北区紫野中柏野町48番地10","4.0","10.0","35.035122","135.7374281","ChIJJ56G0fMHAWARPfnhAlzw0SE"
"506","京町屋STAY〇","京都市北区衣笠西馬場町４３−１７ フォーブル衣笠","","","35.0377909","135.7284216","ChIJ5cXUUieoAWAR88m5EWO4Bkk"
"507","YUMEJI Vintage Villa","京都市北区紫野中柏野町６２−１６","4.6","14.0","35.03529799999999","135.738541","ChIJJR9hnfEHAWAR6s9_GYiHqQM"
"508","JURAKU RO プチ ホテル アッラ セタ","京都市上京区北新在家町３２０","4.8","12.0","35.0266107","135.7462275","ChIJRQSEv90HAWARXvIj8kVA2XQ"
"509","ホステル翆 （Hostel&Dormitory Sui Kyoto）","京都市上京区真倉町７３２","4.8","91.0","35.0338778","135.7447362","ChIJS_CLNLcHAWARVgyj--CPGsI"
"510","シック マチヤ ステイ 布","京都市上京区筋違橋町５４５","5.0","10.0","35.03683","135.7489412","ChIJO_uWPeMHAWARpMRRDDWyR8U"
"511","京都ゲストハウス木音 Kyoto Guesthouse KIOTO","京都市上京区溝前町１００−１","4.3","105.0","35.03089169999999","135.7405598","ChIJj_isHu8HAWARrNNmn3Qa-pY"
"512","ニアー金閣寺 ゲストハウス","京都市北区衣笠北天神森町３４ Ｋ’Ｓ ＨＯＵＳＥ 4階","4.0","1.0","35.03796940000001","135.7332261","ChIJM0-VMvUHAWAR4T5P5-Yf0bQ"
"513","梅ノ戸庵 上七軒","京都市上京区二丁目 北町６３９−６","","","35.03296319999999","135.7360998","ChIJtxcrZvIHAWARNC8bI_9tsSg"
"514","株式会社カヨウ 本社","京都市北区小松原北町31番地","5.0","2.0","35.03107649999999","135.7267891","ChIJ-Xu_gk8IAWARWJA9u7PmtRE"
"515","北野天満宮前B棟","京都市上京区鳥居前町６６４−４７","4.3","3.0","35.03156069999999","135.7368915","ChIJDz9w7O0HAWARQgAla0019RM"
"516","伝心庵","京都市右京区龍安寺西ノ川町３０","4.9","29.0","35.0308367","135.7187197","ChIJFxWw1YAHAWARG9MUMTUrs9g"
"517","京の宿-華-西陣 Guest house HANA nishijin","京都市上京区西柳町５７２−１","4.8","51.0","35.0309123","135.7380987","ChIJp0V_LeEHAWARYgvZEf59fCs"
"518","京町家ゲストハウス K-style金閣寺","京都市北区紫野上柏野町46−２２","4.3","25.0","35.036737","135.736933","ChIJhe3L9fMHAWARUZfnVMD0l14"
"519","Theatre and Library Residence -Kyoto Murasakino-","京都市北区北区紫野上柏野町３２−１２","3.0","1.0","35.0362731","135.7379963","ChIJbYTSX_EHAWARmTnpF6RZKHs"
"520","花ノ坊 金閣寺道","京都市北区紫野南花ノ坊町４１−３","4.7","19.0","35.0384864","135.73759","ChIJhd79I_QHAWARYRySBqIwxiI"
"521","笹舟庵","京都市北区紫野北舟岡町１８−１０","5.0","2.0","35.0368644","135.741207","ChIJwevl8_AHAWARZVef8RCoF6A"
"522","東籬","京都市上京区笹屋町三丁目６３９","4.9","167.0","35.0281484","135.7426779","ChIJS0Z11ecHAWARg29nUjbG_Uk"
"523","好运屋 lucky house","京都市上京区西富仲町６８５−１９","3.5","2.0","35.024307","135.7433502","ChIJVemmJ90HAWAR_IKMmvAACQo"
"524","泊まれる飲み屋 八雲食堂","京都市北区紫野南舟岡町７３−１８","4.1","161.0","35.037251","135.7449307","ChIJLQLN4foHAWARtUmTply7MJ8"
"525","月光荘","京都市北区紫野南舟岡町７３−１８","4.4","51.0","35.0373158","135.7449177","ChIJ7_cw4PoHAWAR194buq8QjwI"
"526","京都やどまち西陣","今出川通大宮西入, 168 元北小路町, 上京区 京都市","4.6","7.0","35.0297097","135.7475121","ChIJTQ2Zy-AHAWARFRNLZFtkKOE"
"527","古都の別荘 京町屋西陣","京都市上京区歓喜町２１２−３","4.4","23.0","35.0345104","135.7462457","ChIJb6bsiuQHAWARKfh_4F0VSUw"
"528","ルミナス一条 (西陣IVY Nishijin-IVY)","京都市上京区南新在家町３３４","3.5","8.0","35.0262537","135.7456001","ChIJRwUyvd0HAWARtf12vUozrn0"
"529","Expo Hostel Nishi","京都市北区紫野西藤ノ森町１−４９","5.0","41.0","35.03653799999999","135.746341","ChIJVVVMtOQHAWAR9buYnXPhWhM"
"530","Expo Hostel & Cottage","京都市北区紫野西藤ノ森町 ２−４ ｜ 2-4, Murasakino Nishifuinomoricho, Kita-ku, Kyoto","4.8","80.0","35.0367052","135.7465224","ChIJT9RBs-QHAWAR_IkNhG6gHOE"
"531","町家ステイ","京都市上京区伊佐２３３ 大宮上立売上西入","","","35.0327228","135.7479453","ChIJrZpWV-EHAWAR5cC5-E3HM5U"
"532","船岡温泉ゲストハウス","京都市北区紫野東藤ノ森町１１−５","4.3","6.0","35.0373286","135.7467538","ChIJ8VJRWfsHAWAR-fGebCg0wIY"
"533","京町家西倶","京都市上京区真倉町７６４","4.7","19.0","35.03294699999999","135.7448156","ChIJdZaIs-UHAWARsziS03eCPXY"
"534","紫月 shizuki","京都市上京区西若宮北半町１５５","5.0","3.0","35.0382321","135.7481253","ChIJ2Ravu_wHAWARMcRCbeez3g8"
"535","大心院","京都市右京区花園妙心寺町５７","4.3","69.0","35.0229625","135.7211674","ChIJqxa8qpsHAWARrCiP40rHsjg"
"536","京のやど卯乃花","京都市上京区下竪町１８８ 御前通仁和寺, 街道下る","4.7","6.0","35.023784","135.736105","ChIJ9419ZeoHAWARhdvlZW0z_94"
"537","Eikohsya","京都市北区平野八丁柳町６４−５","","","35.03154449999999","135.7303169","ChIJOVYSHBgHAWARe_44PEVJiGg"
"538","ゲストハウス京洛や","京都市北区平野宮西町52","4.2","5.0","35.0347212","135.7315723","ChIJJ1p71w0HAWAR2MpBXmykHRw"
"539","カエルの歌ショートステイ","京都市北区北野上白梅町２１","","","35.0276295","135.7301999","ChIJd_zRFwAHAWARbJWs_ZGVCfE"
"540","ハイツくすの木","京都市北区北野上白梅町８ ハイツくすの木","2.3","3.0","35.02803189999999","135.7311563","ChIJzTFy-pIHAWAR2-GDyp-sJTE"
"541","サクラホテルレジェンド","京都市北区北野上白梅町６２−１ サクラホテルレジェンド 621","","","35.027797","135.732002","ChIJQeyLBAAHAWARbZwvg95CUik"
"542","京町家ゲストハウス K-style等持院","京都市北区等持院西町16−１５","2.0","1.0","35.0277663","135.7235029","ChIJwyhu22cHAWAR21pgYwRCL2I"
"543","宿屋 西陣荘","京都市上京区西町４５８ 元誓願寺通り堀川東入","3.5","46.0","35.0285994","135.7528752","ChIJX8ihCsAHAWAR3CXpL1bxcSI"
"544","ビーアンドビー きおと","京都市北区紫野石龍町４２","5.0","6.0","35.0432884","135.7503144","ChIJ_6v9ef4HAWAR9AGzBC3gpOE"
"545","西陣 米田邸","京都市上京区竪神明町４７２−１","","","35.0275879","135.7504512","ChIJTf1dFNIHAWAR8i0WjUNyEKs"
"546","ザ グラン リゾート エレガンテ京都","中立売通堀川東入る, ６６−３ 東橋詰町, 京都市上京区上京区","4.0","92.0","35.0251878","135.752408","ChIJ-XIsGXYIAWARGETubHBM5S0"
"547","京町家の宿 中乃庵","京都市上京区中之町５１９−２３","4.0","2.0","35.0165562","135.751015","ChIJE_TsCtYHAWARVDXmUNRTRfo"
"548","ホテル リオンドール","京都市中京区八町目５３８ シティペンションリオンドール 東堀川通夷川上る","4.0","103.0","35.0153159","135.752333","ChIJtVIWfH8IAWARzVLP8Cgj5W8"
"549","五月庵","京都市北区紫野上御所田町１６","4.9","23.0","35.0418865","135.7513619","ChIJ21BWkP0HAWARIo4HOR-iN1A"
"550","リヴェルト京都鴨川","京都市上京区青龍町２０２","4.8","42.0","35.0312956","135.7698524","ChIJAQD0R2gIAWARJPrKr29d9TY"
"551","学生寮すずかけ","京都市上京区中御霊図子町１２５ 女子学生寮すずかけ 新町通今出川上る東入","4.7","3.0","35.0306789","135.7566506","ChIJFyuxg3QIAWARa4ziOtT25Rw"
"552","西陣ならひ庵","京都市上京区幸在町６９２ 上立売通大宮東入 上立売町, 大宮東入","4.1","10.0","35.0320982","135.7502497","ChIJQbcKruEHAWARTjCPiORuFEQ"
"553","ゲストハウス天神","京都市上京区上京区下天神町６５０−２７","4.8","25.0","35.0357121","135.7494942","ChIJqXLAq-MHAWARGoxTDpxRma4"
"554","Ichijo Premium","京都市上京区如水町７０","4.8","5.0","35.0265096","135.7505565","ChIJ-ctnFt8HAWARSlvylepHKlU"
"555","民宿 翠川","京都市上京区中小川町232番地1 小川通今出川上る","4.4","11.0","35.030077","135.7545955","ChIJm5QqHHUIAWARkQL8RUwLk2Q"
"556","Shiki Homes | AKI 秋","京都市上京区","4.4","14.0","35.0273208","135.7530333","ChIJVVXs63UIAWAR8RPKqcaZdLM"
"557","Shiki Homes | Haru 春","京都市上京区革堂西町５３０−１９","4.3","16.0","35.0273086","135.753173","ChIJa6uI6XUIAWAR58QeuasQzpA"
"558","30 USD - guesthouse kyoto","京都市上京区上京区一条横町５６３","","","35.0264107","135.7538896","ChIJJSR5enYIAWARjLN939DCUw4"
"559","ゲストハウス 百万遍 Cross","京都市左京区左京区田中大堰町１５７","4.4","81.0","35.02945680000001","135.7777583","ChIJyTFeuFsIAWAR4R9LidVuNFU"
"560","RAKUCHO RYOKAN","京都市左京区下鴨東半木町６７","4.8","76.0","35.0448767","135.7674589","ChIJ6cd-IhcIAWARRSWCY3qCbHs"
"561","ザ ホーム","京都市上京区東桜町２１−１１ いずみビル 河原町通荒神口上る","","","35.0221948","135.7690452","ChIJV_eZUWAIAWARdS3xh1qfN94"
"562","京都楓ホテル鴨川","京都市左京区田中下柳町１０−５","3.9","19.0","35.0284379","135.7733767","ChIJS5wxzaoJAWARPMVWeH-XTA8"
"563","京町屋清水町","京都市左京区高野清水町１２７","","","35.03619529999999","135.7772008","ChIJAQAZQUQIAWARNpfI86t6IgA"
"564","ゲストハウストンボ","京都市左京区田中上柳町１４","4.3","45.0","35.031543","135.773764","ChIJb--4LEMIAWARl-maRekx-qw"
"565","聖護院御殿荘","京都市左京区聖護院中町１５","4.1","390.0","35.019686","135.780348","ChIJeTH9gfAIAWARGFWZxoTfrXE"
"566","御宿 北川","京都市左京区田中上柳町20-1左京区 京都市左京区田中上柳町20-1","5.0","2.0","35.0311","135.773493","ChIJSdXnKl0IAWARSGEkLmEpwFA"
"567","Stay SAKURA Kyoto 御苑東","京都市上京区上生洲町２１１−１６","4.3","75.0","35.02107549999999","135.7691955","ChIJ7f0yN2AIAWARqHHBnDmKgB8"
"568","石長松菊園","京都市中京区末丸町２８４","3.9","218.0","35.0153638","135.7702042","ChIJZ4UiE4oIAWARGUef8jc003E"
"569","聖護院 ねねこ","京都市左京区聖護院円頓美町２２−１２","4.3","3.0","35.0177064","135.7800242","ChIJE8ajcvAIAWAReVjFUIYto6s"
"570","四季倶楽部 京都加茂川荘","京都市北区小山下内河原町6−６ 四季倶楽部京都加茂川荘","3.9","123.0","35.0464345","135.7596611","ChIJ78VjjgQIAWARUuLB2zBSWUQ"
"571","雲町屋 荒神口","京都市上京区荒神町１２１−２","3.0","1.0","35.0214357","135.7697511","ChIJu-utPWAIAWARtkhHlZFLhSQ"
"572","賀茂女子学生会館","京都市左京区田中関田町２０−１ 賀茂学生会館","4.0","2.0","35.029818","135.775487","ChIJLSccfFwIAWARRxNFNyEcbFo"
"573","エリントンズハウス（ellingtonshouse）","京都市上京区駒之町５３７","5.0","2.0","35.0172944","135.7697764","ChIJEf5daosIAWARhmkfJJTsG3E"
"574","がぁがぁハウス","京都市左京区下鴨森本町１３−９","4.8","5.0","35.0366646","135.7712232","ChIJteOF1kEIAWARtGoteBj9RcQ"
"575","京都大学 清風会館","京都市左京区田中関田町１６−２","4.1","31.0","35.0289499","135.7754631","ChIJ__9Pc1wIAWAR-QaJg_lHD6U"
"576","Kamo House","京都市左京区高野蓼原町４６−１７","","","35.03422389999999","135.7765168","ChIJ03v_kEQIAWAR0NL0XESTIDw"
"577","Daisenji Lodge Ing Black","京都市上京区森之木町４７４−２ 室町通鞍馬口下る","4.8","5.0","35.0369093","135.7578978","ChIJ_-_Xg36LGGARPSGL_J6WtbU"
"578","京都イン加茂川","京都市北区鞍馬口町３０２−５ 鞍馬口通寺町東入","2.8","17.0","35.038053","135.764285","ChIJU3rJBhMIAWARu6wYcSzBcsg"
"579","ゲストハウス 京都阿美家","京都市上京区東土御門町３４３−１ 新椹木町通丸太町下る","4.8","44.0","35.0171109","135.7686931","ChIJwa13CosIAWARp8cg3Vt9iXs"
"580","古都の別荘 京町屋実紫","京都市北区紫野西御所田町５９−４","5.0","12.0","35.0406715","135.7529533","ChIJW1Rj7AcIAWARNiSPsdYNT-k"
"581","Matsu Sho An","shi, 662 Takeyamachi-dori, 甘露町, 中京区 京都市","4.7","6.0","35.0161612","135.7667947","ChIJVSnfeiJaIBURWc4rRyux4d8"
"582","オープンシェアハウスサクラ荘","京都市左京区吉田神楽岡町９−５","4.8","8.0","35.0285737","135.7867167","ChIJi88XilUIAWARHtSfJNdWIUs"
"583","町家 棗庵","京都市中京区末丸町５４１−４３","4.8","10.0","35.0158767","135.7701906","ChIJk_xwpIwIAWAR-aqY1Qp5-d4"
"584","ノク京都","京都市中京区大倉町２０５−１","4.4","632.0","35.0169821","135.759183","ChIJjez7dX0IAWARrqsEHxarWHI"
"585","Guesthouse Keiko","京都市中京区松本町５７６−１","4.2","5.0","35.0149929","135.7666781","ChIJXdzE-IsIAWARvC-A9Q-6ofw"
"586","精美堂イン/Seibido Inn","京都市中京区西革堂町２０４ 新椹木町通夷川上る","4.4","121.0","35.0147549","135.7683456","ChIJWTKVZowIAWARfTh9IAMY2AA"
"587","ゲストハウス＆サロン 京都 月と","京都市左京区聖護院山王町１９−７","4.8","44.0","35.0175169","135.7796078","ChIJy79Qa_AIAWAREcY-hvmkTOo"
"588","竹間つゆくさ庵","京都市中京区福屋町７３７−３","4.6","11.0","35.0151753","135.7626765","ChIJEz7hiogIAWARcmJ4mfhQ2Lk"
"589","京旅籠むげん","京都市上京区北小大門町５４８−１","4.9","102.0","35.0234005","135.749763","ChIJO1tk4tgHAWARhaFSpwEJFkE"
"590","旅館丸家","京都市左京区聖護院川原町２","3.4","16.0","35.0184116","135.7761841","ChIJSSxCXPEIAWARVdPqjT26ZlI"
"591","芝蘭会館別館（国際交流会館）","京都市左京区吉田牛ノ宮町１１−１","3.9","75.0","35.0248109","135.7777166","ChIJGREBhVgIAWAR1BzrkW41Ph0"
"592","ダイヤモンド京都ソサエティ","京都市中京区末丸町５４１ 中筋通竹屋町上ル","4.0","257.0","35.0162961","135.7706872","ChIJ6fOu8pMIAWARpbJG5ya3KSY"
"593","コミュニティーハウス神宮之杜","京都市左京区高野泉町６−５","3.5","6.0","35.0466125","135.7853969","ChIJDQuw4TUIAWARMPO-7XXPzoc"
"594","傾奇庵","京都市左京区 岡崎天王13","4.7","16.0","35.0169948","135.7864853","ChIJaxgQo-MIAWARcegpBTLnkQM"
"595","ペンション北白川","京都市左京区北白川上別当町５ ＰＥＮＳＩＯＮ 北白川","3.5","58.0","35.03224000000001","135.791852","ChIJc8_z8aoJAWARssLsAKLfzug"
"596","京町家聖護院","京都市左京区左京区聖護院中町１１","4.8","25.0","35.019272","135.78152","ChIJlQC8i_oIAWAReNcoupJ5f1U"
"597","（有）ヴォーンハイム・テラモト","京都市左京区吉田中阿達町３６ ヴォーンハイムテラモト","","","35.0256332","135.7763015","ChIJKTzE0FgIAWARpKdHB1ZM95I"
"598","Koyasu by Japan Experience","京都市左京区北白川久保田町６４−４","4.8","12.0","35.02899","135.7876406","ChIJYaFES7kJAWARUHpkqRW9bno"
"599","Guesthouse Ginkakuji Kinta(银阁寺京担/金多)","京都市左京区浄土寺西田町１１５","4.8","16.0","35.0284322","135.7874751","ChIJSYmbgv8IAWAR2ABHcRCyKOo"
"600","房子 预约","京都市左京区浄土寺西田町８３","","","35.02816139999999","135.7896284","ChIJNdB0VgAJAWARq6XMnfe1M-o"
"601","シェアハウス8NEST 銀閣寺","京都市左京区浄土寺西田町８２−３","4.0","1.0","35.0281099","135.7898775","ChIJm8HJA-oJAWARAUGqBWySay8"
"602","Tanaka Nishihinokuchicho Hagiwara","京都市左京区田中西樋ノ口町Hagiwara","","","35.0342192","135.784717","ChIJByobeFEIAWARGOciHUatXoQ"
"603","トッド荘","京都市左京区田中東樋ノ口町２２−２","5.0","3.0","35.0344547","135.7848743","ChIJc9d6QxcJAWARBXaAZwSoAkg"
"604","カーサ吉田本町 - CASA Yoshida Honmachi -","京都市左京区吉田本町２６−７","5.0","6.0","35.02844030000001","135.7847376","ChIJIz_iDVYIAWAR--FYoEjKBYc"
"605","シェアハウス8NEST 百万遍","京都市左京区北白川追分町６７−７","","","35.0287181","135.7838835","ChIJL1PDjk4JAWARvkAkW2-maAM"
"606","京別邸 夢","京都市左京区田中東高原町５１−７","","","35.036125","135.7873217","ChIJjV5L5bMJAWARcdCrfUbXj9E"
"607","シェアハウス 8NEST 北白川","京都市左京区田中東春菜町27−2F 3F","5.0","1.0","35.03571179999999","135.7856028","ChIJ28oFUT4JAWARUC_a4gw-wUw"
"608","シェアハウス8NEST京大元田中","京都市左京区田中里ノ前町７４","","","35.0330675","135.7819288","ChIJjZAmVQAJAWARlozahA5Rp1c"
"609","旧里の前荘","京都市左京区田中里ノ前町８０","","","35.032844","135.7813618","ChIJl6fmVmUJAWARkgnyGBBIuow"
"610","うたひ ーUTAHIー","京都市左京区浄土寺石橋町２９","","","35.0271671","135.7925588","ChIJaX7J6mUJAWARu73fKty_wTs"
"611","Shared House Satolet | さとれ","京都市左京区田中里ノ内町１１３","","","35.0339906","135.7814332","ChIJGQB3WQMJAWARC5ciRWrAOQE"
"612","三休荘町家 MIYACO","京都市左京区浄土寺東田町１７","","","35.0262922","135.791892","ChIJN7NYKAIJAWAR6euwPlV3EpI"
"613","洛水コーポ","京都市左京区田中高原町１９","3.5","2.0","35.037673","135.78663","ChIJpyJ9jE0IAWARab761pcO0Qw"
"614","ゲストハウス茶山","Kyoto-shi, Kyoto-fu, Sakyo-ku, Tanaka Nishitakaharachou 14-6, Kyoto","5.0","16.0","35.0373707","135.7853324","ChIJU8iR4k0IAWARZ3IVokjrxRQ"
"615","Ginkakuji Vacation Home 銀閣寺ﾊﾞｹｰｼｮﾝﾎｰﾑ","京都市左京区銀閣寺前町１７","","","35.0278173","135.7949638","ChIJD07qAQQJAWARrZTLbAwuhUQ"
"616","京都 ゆきのや","京都市左京区浄土寺馬場町１７−１","4.0","2.0","35.0252025","135.7922113","ChIJp-94TAIJAWARL8cYO-fIY_Q"
"617","フラットボレロ浄土寺｜京都大学近くの多国籍シェアハウス（家具付き）","京都市左京区浄土寺上馬場町４−１","5.0","6.0","35.0248477","135.7913739","ChIJDbff1iYJAWARfEjpaenmyW4"
"618","シェアハウス 倉橋キッチン＆プラス","京都市左京区吉田神楽岡町4番地 倉橋マンション 新館2階3階","","","35.0243312","135.7879803","ChIJ1WnnTB8JAWARSpKMg4964ok"
"619","エクセレント マキ","京都市左京区田中野神町３０","3.0","3.0","35.0344131","135.7798324","ChIJY8NrOUYJAWARVVa9fCYt8xc"
"620","北白川天然ラジウム温泉 えいせん京","京都市左京区北白川地蔵谷町１−１２５","4.3","153.0","35.037795","135.809078","ChIJhXEcS3UJAWARU8LXUoP4Aac"
"621","まこと苑吉川","京都市左京区北白川琵琶町４４−３","4.3","4.0","35.031554","135.7997125","ChIJWcPznAgJAWARDblSirYeeX0"
"622","京別邸 銀閣寺","京都市左京区銀閣寺町７２−４","","","35.0276328","135.7961598","ChIJHdVDPAQJAWAR5lSA9p1Icz0"
"623","シェアハウス NAKAZONOSO-京都銀閣寺","京都市左京区吉田神楽岡町１５５−４","","","35.0232761","135.7896689","ChIJMQf4Ab0JAWARvZUDvYOO5Y4"
"624","Yoshida house","京都市左京区浄土寺真如町１８−６","","","35.0235198","135.7884741","ChIJ2SxmjjIJAWAReUjplRe2MR0"
"625","四季育む宿 然林房","京都市北区鷹峯北鷹峯町４０","3.9","269.0","35.05465609999999","135.7289919","ChIJYTDPLSWpAWARdydXnTXhzL0"
"626","monthly apartment Haulu","京都市北区大宮玄琢北町２８−４ ハウル","","","35.0540635","135.7373024","ChIJMbCJuhaoAWARzjgEox4CO4M"
"627","ホテルハーヴェスト京都鷹峯","京都市北区衣笠鏡石町４７","4.5","1117.0","35.05050610000001","135.7337236","ChIJK1Q4eT2oAWARu59xYMmhalI"
"628","西明荘","京都市北区大宮薬師山東町２１−５","","","35.0560801","135.7388238","ChIJKcjH6BOoAWAReFsR10wsYNg"
"629","むらさき ハウス","shi, 28-4 紫竹西高縄町, 北区 京都市","5.0","16.0","35.0461441","135.7477205","ChIJNeAUVv8HAWARN-dNYSG3Hhc"
"630","グリーンゲーブルズ Green Gables","京都市北区紫竹東栗栖町３０−１","3.1","12.0","35.0495153","135.7450687","ChIJ-7fHfwSoAWARMmIE9Xag1QA"
"631","アマン 京都","1 Okitayama Washimine-cho, 北区 京都市","4.3","392.0","35.05076409999999","135.7305842","ChIJ-8IdwOupAWARZk21GnGrDU8"
"632","光悦荘","京都市北区鷹峯北鷹峯町４６","4.0","8.0","35.0543461","135.7288612","ChIJ__8DST-oAWARLAwrdTt2HQQ"
"633","しょうざんリゾート 西門","京都市北区衣笠鏡石町４７","4.0","3.0","35.0499586","135.73281","ChIJQyvERgCpAWAR-UGwvosXAEc"
"634","東急ハーヴェストクラブ京都鷹峯&VIALA","京都市北区鷹峯土天井町２２ 東急ハーヴェストクラブ京都鷹峯","5.0","1.0","35.050449","135.7337676","ChIJJ222JQCpAWARsjePBI2pPbI"
"635","ROKU KYOTO、LXRホテルズ＆リゾーツ","京都市北区衣笠鏡石町４４−１","4.5","1064.0","35.0476127","135.7346805","ChIJe5gElQGpAWARvTkIO-v6H8I"
"636","S長谷川","６-6 鷹峯藤林町, 北区 京都市","","","35.0490688","135.7359942","ChIJtzE8VLupAWARoS-xGg7RDdQ"
"637","SOMEYA 嶋田くみこ (染織家)","京都市北区大北山原谷乾町42 番 20","","","35.0479483","135.7180784","ChIJWYyZ7jSpAWAR__sx08VTbdQ"
"638","RAKUMANKAN洛曼館","京都市北区紫野泉堂町３１","5.0","3.0","35.0477004","135.7407906","ChIJTUhP5f6pAWARTM1MFxsA1v0"
"639","侘寂-雅","京都市北区衣笠赤阪町１−１１６","5.0","2.0","35.0404341","135.7238744","ChIJqSz7TACpAWARMwtGEBLuk60"
"640","栄庵SAKAEAN","京都市北区衣笠西御所ノ内町２９","5.0","3.0","35.0405052","135.7326639","ChIJf9vDf3ipAWAR_LiDZXLt3g8"
"641","ＳＴＨ紫野","Japan","","","35.0435399","135.7388291","ChIJvZ-2xh2oAWARJuYQ-7GCwQM"
"642","ブリランテ金閣","京都市北区衣笠東御所ノ内町４７","","","35.0407476","135.7353483","ChIJkfr3LVupAWARSMusMtxSNPg"
"643","murasakian","京都市北区紫野東泉堂町１０","4.0","5.0","35.04884","135.7429734","ChIJgYW4M4OpAWARY9JYT3GkHeE"
"644","Kyoto","京都市北区衣笠東御所ノ内町５０ ハウス５０","","","35.0403196","135.7348284","ChIJCeDqOACpAWAR776o7X0IVwQ"
"645","アオキシール","京都市北区衣笠赤阪町１−３７７","","","35.0397401","135.7224528","ChIJ0djKyaOpAWARn9jm8BbFMWU"
"646","なちや","京都市北区紫野大徳寺町６３−４７","4.9","14.0","35.043641","135.7404614","ChIJDVWhyO6pAWARtTLVv3MPSqc"
"647","Feweo","京都市北区紫野花ノ坊町４０","","","35.04023779999999","135.7369025","ChIJ1bXeEwAHAWAREh32EhY6iKI"
"648","日照庵","京都市北区西賀茂北鎮守菴町３０−１","4.9","7.0","35.0613106","135.7394995","ChIJGZ6ww36pAWARs0QcTdzY5Ac"
"649","ゲストハウス桜こまち（Guest House Sakurakomachi)","京都市北区衣笠街道町10","4.7","9.0","35.0382583","135.7333148","ChIJWR1lQSoHAWAR72Q5aj341jQ"
"650","Hotel","45-3, 衣笠馬場町, 北区 京都市","","","35.03743339999999","135.7307281","ChIJsap7XgkHAWARKvWiAIHnjfg"
"651","Ez guest house","京都市北区紫竹西南町６７−２４","3.2","42.0","35.046555","135.7450777","ChIJywkdoyapAWAR_RoNLcQXFkQ"
"652","Cozy house 305 free wifi a rented electric bicycle","京都市北区紫竹牛若町２８−１９ リベルテ北山","","","35.0481856","135.7457132","ChIJNVLoeQCpAWAROYEJT9-TcKM"
"653","Cozy house K46, free wifi a rented electric bicycle","京都市北区紫竹牛若町２８−１９ リベルテ北山","","","35.0481856","135.7457132","ChIJR7s7EQCpAWARHMtG6xctfUA"
"654","Cozy house 402 free wifi a rented electric bicycle","京都市北区紫竹牛若町２８−１９ リベルテ北山","","","35.0481944","135.7457222","ChIJEcz6YgCpAWAR1pih8N1UWpE"
"655","Cozy house 8, free wifi a rented electric bicycle","京都市北区紫竹牛若町２８−１９ リベルテ北山","","","35.0482039","135.7457354","ChIJU7VcZgCpAWARPhnbw3gMifc"
"656","Cozyhouse 310 free wifi a rented electric bicycle","京都市北区紫竹牛若町２８−１９ リベルテ北山","","","35.0482039","135.7457354","ChIJb_ouCgCpAWARAI8q7QmIdcY"
"657","Cozyhouse","京都市北区紫竹牛若町２８−１９ リベルテ北山","4.5","20.0","35.04818300000001","135.7457315","ChIJBxlPdsCpAWARR2z3IWBU3RM"
"658","Cozy house 31, free wifi a rented electric bicycle","京都市北区紫竹牛若町２８−１９ リベルテ北山","","","35.0481907","135.745737","ChIJ86QvKQCpAWARnRXU4rLPgdM"
"659","レディースハウス・サラ","京都市北区大宮北林町１２−４","","","35.05642080000001","135.745453","ChIJdat3yq2pAWARxg3FkC8wP6o"
"660","KYOKOYADO KINKAKUJI BENTEN（金閣寺弁天）","京都市北区紫野郷ノ上町４１−２１","4.9","7.0","35.0379223","135.7365814","ChIJ-WyoRF8HAWARvVQupxOno_0"
"661","Rent apartment","京都市北区大宮南林町","","","35.05462479999999","135.7467856","ChIJi-4RZGipAWARgtqwIQIOjdA"
"662","昔のアパート","京都市北区紫野下若草町６０３ 8234","","","35.04007239999999","135.7410307","ChIJebJSIQAHAWARaD_SczX9BQE"
"663","Vacation Rental Hisa House","京都市北区紫竹下緑町１０","","","35.0491713","135.7475872","ChIJ20TJFn-pAWARQU-Y2iQr0Fs"
"664","大徳寺北側清寂の家(Your Pavilion near Kinkakuji)","京都市北区紫竹西南町37−１３","4.3","4.0","35.0467258","135.7471684","ChIJe6hHHAKoAWARdbkPBhRU7Ng"
"665","香柏 金閣 福 Kouhaku Kinkaku Fuku","京都市北区紫野郷ノ上町22","5.0","1.0","35.0374387","135.7382111","ChIJeS-Q07kHAWARkv1omCI586Q"
"666","香柏 金閣 禄 Kouhaku Kinkaku Roku","京都市北区紫野郷ノ上町２２−２０","5.0","1.0","35.0373841","135.7382038","ChIJh5XwEWAHAWARyJ_gG0_bQSw"
"667","香柏 金閣 寿 Kouhaku Kinkaku Kotobuki","京都市北区紫野郷ノ上町22−４７","","","35.0373349","135.7381917","ChIJ2Sp-k0YHAWARnJg-0LyN7hQ"
"668","京町家北山大宮 Kyomachiya Kitayamaomiya","京都市北区紫竹下緑町６２ 62番地","5.0","1.0","35.0502705","135.7483173","ChIJXUAdKQCpAWARip-0pZmaubI"
"669","Senbonkuramaguchi","京都市北区紫野郷ノ上町４５−３","","","35.0369414","135.7377811","ChIJe4fu03oHAWARmW6EOQKlK0M"
"670","HATCH京都","京都市北区紫竹西高縄町１７","5.0","3.0","35.0455824","135.7470818","ChIJgW7lC1AHAWARaIxkxZCW3Lo"
"671","KYOTO KOYAMA INN","京都市北区紫野十二坊町８−３１","","","35.0381286","135.7402398","ChIJM_xHRYAHAWAR5RlaQSDtjig"
"672","ShukuShuku","京都市北区紫野東野町２０","4.6","8.0","35.04113600000001","135.744131","ChIJRdPCMQAHAWAR1F45mWqZYCs"
"673","紫野鮨長","京都市北区紫野上門前町３４","5.0","2.0","35.0448727","135.746951","ChIJ6fdPtvgHAWARmHU-Hhkw2tM"
"674","大徳寺 鮨長","京都市北区紫野上門前町34","4.7","70.0","35.0447721","135.7469286","ChIJ0UNgSAAHAWAR-1S0uzl5wmQ"
"675","ゲストハウス 凡","京都市北区紫野上門前町６３−２","4.9","95.0","35.0453109","135.7473157","ChIJZVRe2HwHAWARkfldB6Ze65I"
"676","金閣寺町屋 美雲","京都市北区紫野郷ノ上町３−１３ 3番地13","4.9","7.0","35.036839","135.738727","ChIJdzURQ3QHAWARPWbKkAlYgIA"
"677","菖栖庵","京都市北区 上賀茂南大路町１４ 1","3.7","3.0","35.0575454","135.7557223","ChIJvUk8lfynAWARRIBi4WGevQY"
"678","宿屋ウホク","京都市北区紫野西御所田町２４−３","5.0","1.0","35.0409733","135.7504432","ChIJUaRDpv0HAWARszPYi_43oA8"
"679","（有）Ｉ・Ｈ・Ｋ","Japan","","","35.0443466","135.760123","ChIJdzgOFAUIAWARZFPrXJYWPFk"
"680","堀川北山ゲストハウス","京都市北区紫竹下本町１９−１","","","35.0493871","135.7513477","ChIJb8dtF3qpAWARummggOi3Ky8"
"681","Mobility Park@新大宮広場","京都市北区紫竹西桃ノ本町５９","5.0","2.0","35.04784","135.7486332","ChIJ10lvl6OpAWARmEJ6kfSJtYI"
"682","上賀茂松柏","京都市北区大宮上ノ岸町８０","4.8","4.0","35.05631899999999","135.750166","ChIJv1XEXPapAWAR5MU4ZCzMGYQ"
"683","京恋·大德寺","京都市北区紫竹高縄町７−３","","","35.0458238","135.749387","ChIJk9xjPQAHAWARN8VH-VENp3s"
"684","GUEST HOUSE OBIZA 疎影舎帯座","京都市北区紫竹高縄町５","5.0","2.0","35.0456592","135.7494499","ChIJOdtp5B0HAWARC1m97krhvgg"
"685","開化 北の家","京都市北区北区紫野上門前町６６−１","5.0","3.0","35.04531040000001","135.7476687","ChIJu-VXSf8HAWARxxtD19ASUTc"
"686","開化 南の家","京都市北区北区紫野上門前町６６−１","5.0","3.0","35.0452887","135.747661","ChIJtVlfSf8HAWARJDkVjjkup9k"
"687","宮崎屋 -北山はなれ-","京都市北区紫竹東高縄町６０−２","","","35.0460034","135.7517839","ChIJFwTl7YQHAWARbhTOUol4O_8"
"688","宿や緑青","京都市北区紫野上門前町１４−２","","","35.0443393","135.7475714","ChIJPzO5-D0HAWARk7rZef36CAI"
"689","松春庵","京都市北区紫野上鳥田町３５−１","4.8","12.0","35.0442442","135.7520022","ChIJwfGjy-oHAWARX-u-veot7IQ"
"690","The Prince Kyoto Takaragaike, Autograph Collection","京都市左京区岩倉幡枝町１０９２−２","4.1","2845.0","35.0627132","135.7814476","ChIJxTp2h9IJAWAR1uMygx8G-qw"
"691","ゴージャス スターハウス","京都市左京区下鴨南野々神町２−９ くみこアレルギークリニック 北山院","5.0","2.0","35.05121709999999","135.7703396","ChIJgQhdvBgIAWARKh0qTY21yHc"
"692","民宿 若葉寮","京都市左京区下鴨西高木町３６ 37","2.0","2.0","35.043001","135.7752871","ChIJWXYPKD8IAWAR4qLJkvaGEkg"
"693","東急ハーベスト京都鷹峯","京都市左京区下鴨前萩町５−６","","","35.0512426","135.767598","ChIJQZsScwAJAWARsVkxZXYhl0c"
"694","葵ゲストハウス","京都市左京区下鴨北芝町１６−５","","","35.0534314","135.7681529","ChIJLbyWVx4IAWARZF3VcRvwDAY"
"695","下鴨IVY (Shimogamo-IVY)","京都市左京区下鴨神殿町２","","","35.0506013","135.7701179","ChIJ3Vdb9eoJAWARR5X75s7bKZg"
"696","かんたき北山","京都市北区上賀茂松本町９６","4.0","2.0","35.05348740000001","135.7669361","ChIJkwF6IcYJAWARRNQne3Fdeyw"
"697","Piacere北山","京都市北区上賀茂松本町５５−３","","","35.05378460000001","135.7655269","ChIJJX5dS9MJAWAR1_kEiL2U0TQ"
"698","Green Peace in Kyoto","13-１２ 松ケ崎芝本町, 左京区 京都市","","","35.0509202","135.7736792","ChIJkZv8WQAJAWARbRRtvj8o7qI"
"699","ＤＯＭＯＮ５５","Japan","","","35.0559804","135.7631277","ChIJVaVbDvenAWARjaKqF6s5N3c"
"700","サンクシャンブル","京都市左京区下鴨岸本町２３−１","","","35.04662569999999","135.7732474","ChIJs2kzhk4JAWARdA4kiOIcz7c"
"701","tomy&tetu","京都市左京区松ケ崎三反長町４−４","4.8","9.0","35.0501796","135.7763923","ChIJTd75EIUJAWAR_B-SNF8YAbA"
"702","Stylish Duplex near the Kamo River","京都市左京区下鴨西半木町８５","","","35.0440276","135.7667425","ChIJo-oRRCUJAWAR6nbzuBgcank"
"703","Hotel de Fukumatsu","京都市左京区下鴨上川原町３５ 近松ビル","5.0","5.0","35.04407800000001","135.7648765","ChIJO_XSNgAJAWARsb7eO_J-pGI"
"704","おもてなし京都 下鴨 （観光情報提供）Omotenashi Kyoto (Local Experience)","京都市左京区下鴨芝本町３７−３","","","35.04314370000001","135.7701218","ChIJj7JjIY4JAWAR7b78tOZ4ZNc"
"705","宿ya 京都下鴨","京都市左京区左京区下鴨貴船町１０８−１","4.9","8.0","35.0416069","135.7684591","ChIJCxHqMxQIAWARDD_wSgiCu9g"
"706","京のおうち さなり 下鴨","京都市左京区下鴨西高木町１４","","","35.0427348","135.774026","ChIJYa5K_T4IAWARIdK0iUkfJ-U"
"707","京都茶寮","京都市北区小山下花ノ木町４９","","","35.044322","135.757291","ChIJJVf4LgQIAWARtVkkepuOV4Q"
"708","おおきに迎賓館 紫明出雲路邸","京都市北区出雲路松ノ下町16番地","5.0","1.0","35.0406417","135.7629712","ChIJaeKQ4CkJAWARth1oPy7B45k"
"709","出雲路立テ本町","京都市北区出雲路立テ本町１０８−２５","5.0","1.0","35.0406487","135.7626848","ChIJu8H2dQAJAWAR4U0-n_Mj7wI"
"710","ラビスタ2","京都市北区紫野下柏野町５９−５ Ｌａ Ｖｉｓｔａ２","","","35.0427948","135.7584016","ChIJxX6h2vEHAWARJBmfC2PMH38"
"711","京別邸 出雲路の家","京都市北区出雲路立テ本町１０８−５５","5.0","2.0","35.0400021","135.7630296","ChIJd-j-FyEJAWARebTGkOhTo6A"
"712","モゼイクハウス岩倉","京都市左京区岩倉幡枝町２８１８","3.0","1.0","35.06346219999999","135.7732627","ChIJAQDU9IynAWAR1RlN_27xFQM"
"713","宿や 日々","京都市北区小山南上総町２−４","4.0","1.0","35.0401757","135.7582177","ChIJ1dqOT88JAWARGjNOSWwzM50"
"714","ドッグアンドライフ","京都市左京区高野竹屋町３３−５２","","","35.0424779","135.7813103","ChIJR9fIEQAJAWARcTjEZWRYrXc"
"715","えんぴつ舎","京都市左京区高野玉岡町３９−３","5.0","3.0","35.04498999999999","135.7842807","ChIJHaUkZIAJAWARyIaI6FWorzw"
"716","Kyoto Kitaku Guest House JoTaku villa","2 小山中溝町, 北区 京都市","","","35.0393595","135.7570353","ChIJjVRabgAJAWARkKJNxdnvdQk"
"717","伽藍下鴨","京都市左京区下鴨宮崎町１２８−９１","","","35.0356595","135.7690274","ChIJXUM2dJ0JAWARyEw98wBUlLw"
"718","いこのふ～ikonofu","京都市左京区下鴨松原町２８−８","5.0","4.0","35.03572739999999","135.7708221","ChIJHUdAmkoJAWAREFmaCmoasi0"
"719","京都洛北学生会館ＥＡＳＴ","京都市左京区一乗寺北大丸町２３ 洛北学生会館ＷＥＳＴ","3.0","1.0","35.0457533","135.7867884","ChIJL_9DbkoIAWARj9T6bqChNEg"
"720","Comfort Seven","京都市上京区上御霊中町４５５−１０","4.6","8.0","35.0368253","135.7594889","ChIJOy4MvJYJAWARhyRBMQumoq0"
"721","国際会館ロッジ","京都市左京区岩倉大鷺町","3.7","63.0","35.0619388","135.7842364","ChIJAZBdFwkJAWARUxTyxeaT7Mo"
"722","大泉寺度假屋","京都市上京区森之木町４７５ 室町通鞍馬口下る","","","35.0368858","135.7581838","ChIJT5koH6UJAWAR3YifOilhWM8"
"723","Daisenji Lodge Ing Blue","京都市上京区森之木町４７５","","","35.0368939","135.7580818","ChIJF2g5v5QJAWARcnkUETCrFa8"
"724","Daisenji Lodge Ing Red","京都市上京区森之木町４７５−２","","","35.0368907","135.7579853","ChIJUZUzPAwIAWAROAMumOQWLAI"
"725","Kyoto Kurama inn（京都鞍馬INN）","京都市上京区上御霊前町４１２ ３","5.0","2.0","35.0362521","135.7594307","ChIJV2iecX8JAWARTRJRvKlvmks"
"726","ブリリア京都松ヶ崎","京都市左京区松ケ崎小竹藪町３−３","3.7","3.0","35.0520204","135.7890682","ChIJqwRFBQMJAWARNc99sTq6Ujw"
"727","平八茶屋","京都市左京区山端川岸町８−１","4.4","317.0","35.0540129","135.7911324","ChIJeZzsxMwJAWARMgQ8lujT0Tw"
"728","ホテル ハノハノ モザイク","京都市左京区上高野上荒蒔町８−８ ＳＡＫＵＲＡＨＯＴＥＬＭＯＳＡＩＣ","2.1","7.0","35.0585436","135.7913978","ChIJFe9W6tIJAWARlGLRsg5_AVE"
"729","関西セミナーハウス","京都市左京区一乗寺竹ノ内町２３","3.9","96.0","35.050572","135.8033086","ChIJGSVbP7kJAWARZFGtn8ELtpE"
"730","いるや宿コンドミニアム","京都市左京区修学院北沮沢町２−８","4.7","3.0","35.0569","135.7991031","ChIJM6RqUc8JAWARIrk8rouLElc"
"731","いろり庵 宿ya","京都市左京区山端川端町７−７","4.4","8.0","35.0510712","135.789941","ChIJocaYyjQIAWARlf1BSfGkQF4"
"732","Flat.Kyoto.Shugakuin (フラット京都修学院)","京都市左京区山端川原町７−７ ロータリーマンション修学院","","","35.0499441","135.7900235","ChIJFSBewsIJAWAR_8zrmXC3-ZI"
"733","Heihachi Tea House Inn","京都市左京区山端川岸町８−１ 平八茶屋","5.0","13.0","35.0541389","135.7910835","ChIJ1ROVAKoJAWARU37bV5ZlEiU"
"734","宿ya ロッジ","京都市左京区修学院大林町左京区修学院大林町１４−１","4.7","15.0","35.0479329","135.79219","ChIJM-EkdLUJAWARcpB9kGBzDBE"
"735","大嶋邸","京都市左京区修学院登リ内町１番地","","","35.05121370000001","135.7971582","ChIJHbc2MiQJAWARXaI26Efb_h8"
"736","みやぎビル","京都市左京区一乗寺宮ノ東町４１ みやぎビル","","","35.04442759999999","135.7915431","ChIJOzPfjNoJAWARAPS_UfkJ_8s"
"737","Benidaruma - Dango","京都市左京区上高野上荒蒔町１","4.9","14.0","35.05863950000001","135.792223","ChIJly3tLWoJAWARouvfjTaUlV4"
"738","紅達磨 京都","京都市左京区上高野上荒蒔町１","4.8","5.0","35.05874290000001","135.7922002","ChIJ33ctJucJAWARv5QWuQwcrLs"
"739","シェアハウス8NEST 修学院","京都市左京区修学院南代１０−６","","","35.0512573","135.7992483","ChIJI8Rs7igJAWARwDJ-6Oc7TMw"
"740","ゲストハウス ヤナガワ","京都市左京区一乗寺染殿町７ 7番地","4.3","6.0","35.03995","135.7876297","ChIJxTk0InEJAWAR19IBkL-RoGI"
"741","岡乃家","京都市左京区上高野北田町９−８ 民宿岡乃家","","","35.066469","135.7941716","ChIJ197X59UJAWARZRem5rrFlIo"
"742","高野シェアハウス１＆２","京都市左京区田中上大久保町１２","3.5","4.0","35.0376923","135.7826113","ChIJmx_2qU8IAWARGchl5Oq9NmM"
"743","カプセルホテル 漫遊堂","京都市左京区田中西大久保町１４","4.1","44.0","35.0373191","135.7814737","ChIJk5WYdk8IAWARXvmMSj1pkpg"
"744","光の丘-テラスハウス (Hikari Terrance)","光の丘テラスハウス, 33−22 上高野西明寺山, 京都市 左京区","5.0","4.0","35.065766","135.7960062","ChIJV2o6nWYJAWARflu9_SvDf20"
"745","柏・八瀬HakuYase","京都市左京区八瀬野瀬町２８１−３０","5.0","2.0","35.0623306","135.8030978","ChIJTzs8y0gJAWAR-v7ikgDQRGE"
"746","エクシブ京都 八瀬離宮","京都市左京区八瀬野瀬町７４−１","4.4","2426.0","35.0652955","135.8062498","ChIJhTtR59wJAWARw4Vk_aGb_zA"
"747","moksa","京都市左京区上高野東山６５","4.2","125.0","35.06331280000001","135.8071773","ChIJaTUjHmEJAWAROEa-ZIPlY2I"
